ID,ETA status,ETA type,Difference with ETA,Deliveries,Attachments,Loading date,Loading period,Unloading date,Unloading period,ZIP - Origin,City - Origin,Region - Origin,Country - Origin,Unique destinations,ZIP - Destination,City - Destination,Region - Destination,Country - Destination,Quote request type,Quote request,Quote request currency,Quote request comment,Vehicle (Requirement),Weight,Weight unit
1,None,, ,1,0,2022-09-01,00:00 - 23:59,2022-09-05,08:00 - 17:00,52333,Potpican,,HR,1,15068,Pozzolo Formigaro,,IT,, 0.00 ,,,Truck 100 m3 NO," 7,707.85 ",kg
2,None,, ,1,0,2022-09-01,00:00 - 23:59,2022-09-05,08:00 - 17:00,52333,Potpican,,HR,1,64010,Ancarano,,IT,, 0.00 ,,,Truck 100 m3 NO," 8,843.54 ",kg
3,None,, ,1,0,2022-09-01,00:00 - 23:59,2022-09-05,07:30 - 12:00,52333,Potpican,,HR,1,67100,Poggio Picenze,,IT,, 0.00 ,,,Truck 100 m3 NO," 6,134.11 ",kg
4,None,, ,1,0,2022-09-01,00:00 - 23:59,2022-09-02,08:00 - 16:00,52333,Potpican,,HR,1,37060,RONCANOVA DI GAZZO VERONESE,,IT,, 0.00 ,,,Truck 100 m3 NO," 5,742.88 ",kg
5,None,, ,1,0,2022-09-01,00:00 - 23:59,2022-09-02,08:00 - 16:00,52333,Potpican,,HR,1,20865,USMATE,,IT,, 0.00 ,,,Truck 100 m3 NO," 9,327.65 ",kg
6,None,, ,1,0,2022-08-31,00:00 - 23:59,2022-09-02,08:00 - 16:00,52333,Potpican,,HR,1,15068,Pozzolo Formigaro,,IT,, 0.00 ,,,Truck 100 m3 NO," 7,707.85 ",kg
7,None,, ,3,0,2022-08-31,00:00 - 23:59,2022-09-01,08:00 - 15:00,52333,Potpican,,HR,3,24040,Madone,,IT,, 0.00 ,,,Truck 100 m3 NO," 7,666.66 ",kg
8,None,, ,1,0,2022-08-31,00:00 - 23:59,2022-09-01,08:00 - 16:00,52333,Potpican,,HR,1,71000,SARAJEVO,,BA,, 0.00 ,,,Truck 100 m3 NO," 6,657.34 ",kg
9,On time,Destination,-01:00:43,1,0,2022-08-30,12:00 - 13:00,2022-09-01,08:00 - 17:00,52333,Potpican,,HR,1,10056,Oulx,,IT,, 0.00 ,,,Truck 100 m3 NO," 6,370.30 ",kg
10,On time,Destination,-00:09:14,1,0,2022-08-30,18:00 - 19:00,2022-08-31,08:00 - 17:00,52333,Potpican,,HR,1,33010,Venzone,,IT,, 0.00 ,,,Truck 100 m3 NO," 7,668.83 ",kg
11,On time,Destination,-00:06:20,1,0,2022-08-30,17:00 - 18:00,2022-08-31,08:00 - 17:30,52333,Potpican,,HR,1,46100,Mantova,,IT,, 0.00 ,,,Truck 100 m3 NO," 8,843.54 ",kg
12,None,, ,1,0,2022-08-30,14:00 - 15:00,2022-08-31,08:00 - 16:00,52333,Potpican,,HR,1,71260,KRESEVO,,BA,, 0.00 ,,,Truck 100 m3 NO," 6,610.56 ",kg
13,On time,Destination,-00:15:03,1,0,2022-08-30,13:00 - 14:00,2022-08-31,00:00 - 23:59,52333,Potpican,,HR,1,6055,Felsőlajos,,HU,, 0.00 ,,,Truck 100 m3 NO," 10,754.83 ",kg
14,None,, ,1,0,2022-08-30,06:00 - 07:00,2022-08-31,00:00 - 23:59,52333,Potpican,,HR,1,6055,Felsőlajos,,HU,, 0.00 ,,,Truck 100 m3 NO," 8,669.87 ",kg
15,None,, ,1,1,2022-08-29,14:00 - 15:00,2022-08-31,08:00 - 17:00,52333,Potpican,,HR,1,15068,Pozzolo Formigaro,,IT,, 0.00 ,,,Truck 100 m3 NO," 7,707.85 ",kg
16,None,, ,1,1,2022-08-29,13:00 - 14:00,2022-08-31,08:00 - 16:00,52333,Potpican,,HR,1,00131,ROMA,,IT,, 0.00 ,,,Truck 100 m3 NO," 5,102.40 ",kg
17,None,, ,1,1,2022-08-29,11:00 - 12:00,2022-08-30,08:00 - 17:00,52333,Potpican,,HR,1,35013,CITTADELLA,,IT,, 0.00 ,,,Truck 100 m3 NO," 10,087.97 ",kg
18,None,, ,1,1,2022-08-29,15:00 - 16:00,2022-08-30,08:00 - 16:00,52333,Potpican,,HR,1,46020,Pegognaga,,IT,, 0.00 ,,,Truck 100 m3 NO," 5,561.38 ",kg
19,None,, ,1,1,2022-08-29,19:00 - 20:00,2022-08-30,08:00 - 16:00,52333,Potpican,,HR,1,42021,Loc. Ghiardo di Bibbiano,,IT,, 0.00 ,,,Truck 100 m3 NO," 5,836.22 ",kg
20,None,, ,1,1,2022-08-29,13:00 - 14:00,2022-08-30,08:00 - 17:00,52333,Potpican,,HR,1,20090,Settala,,IT,, 0.00 ,,,Truck 100 m3 NO," 6,230.40 ",kg
21,None,, ,1,0,2022-08-29,17:00 - 18:00,2022-08-30,08:00 - 16:00,52333,Potpican,,HR,1,71000,SARAJEVO,,BA,, 0.00 ,,,Truck 100 m3 NO," 6,610.56 ",kg
22,None,, ,1,0,2022-08-29,17:00 - 18:00,2022-08-30,00:00 - 23:59,52333,Potpican,,HR,1,6055,Felsőlajos,,HU,, 0.00 ,,,Truck 100 m3 NO," 10,754.83 ",kg
23,None,, ,1,1,2022-08-26,18:00 - 19:00,2022-08-30,08:00 - 17:00,52333,Potpican,,HR,1,15068,Pozzolo Formigaro,,IT,, 0.00 ,,,Truck 100 m3 NO," 8,843.54 ",kg
24,None,, ,2,2,2022-08-26,18:00 - 19:00,2022-08-30,08:00 - 17:00,52333,Potpican,,HR,2,10095,GRUGLIASCO,,IT,, 0.00 ,,,Truck 100 m3 NO," 5,992.17 ",kg
25,None,, ,2,2,2022-08-26,07:00 - 08:00,2022-08-29,08:00 - 16:00,52333,Potpican,,HR,2,36070,TRISSINO,,IT,, 0.00 ,,,Truck 100 m3 NO," 6,645.53 ",kg
26,None,, ,1,1,2022-08-26,14:00 - 15:00,2022-08-29,08:00 - 16:00,52333,Potpican,,HR,1,25080,PAITONE,,IT,, 0.00 ,,,Truck 90 m3," 6,002.08 ",kg
27,None,, ,1,1,2022-08-26,06:00 - 07:00,2022-08-29,08:00 - 17:00,52333,Potpican,,HR,1,37038,SOAVE,,IT,, 0.00 ,,,Truck 100 m3 NO," 5,995.96 ",kg
28,Delayed,Destination,00:00:58,1,1,2022-08-26,08:00 - 09:00,2022-08-29,08:00 - 17:00,52333,Potpican,,HR,1,47921,Rimini,,IT,, 0.00 ,,,Truck 100 m3 NO," 5,769.60 ",kg
29,None,, ,1,0,2022-08-26,17:00 - 18:00,2022-08-29,00:00 - 23:59,52333,Potpican,,HR,1,6055,Felsőlajos,,HU,, 0.00 ,,,Truck 100 m3 NO," 8,669.87 ",kg
30,None,, ,1,1,2022-08-25,15:00 - 16:00,2022-08-29,08:00 - 16:00,52333,Potpican,,HR,1,60010,OSTRA VETERE,,IT,, 0.00 ,,,Truck 100 m3 NO," 9,086.62 ",kg
31,None,, ,1,0,2022-08-25,06:00 - 07:00,2022-08-26,00:00 - 23:59,52333,Potpican,,HR,1,6055,Felsőlajos,,HU,, 0.00 ,,,Truck 100 m3 NO," 10,754.83 ",kg
32,None,, ,1,1,2022-08-25,17:00 - 18:00,2022-08-26,08:00 - 16:00,52333,Potpican,,HR,1,33010,Feletto Umberto,,IT,, 0.00 ,,,Truck 100 m3 NO," 10,553.52 ",kg
33,None,, ,1,1,2022-08-25,15:00 - 16:00,2022-08-26,08:00 - 16:00,52333,Potpican,,HR,1,38057,Pergine Valsugana,,IT,, 0.00 ,,,Truck 100 m3 NO," 9,327.65 ",kg
34,None,, ,1,0,2022-08-25,06:00 - 07:00,2022-08-26,00:00 - 23:59,52333,Potpican,,HR,1,6055,Felsőlajos,,HU,, 0.00 ,,,Truck 100 m3 NO," 10,754.83 ",kg
35,None,, ,2,2,2022-08-24,18:00 - 19:00,2022-08-25,08:00 - 17:00,52333,Potpican,,HR,2,31031,CAERANO SAN  MARCO,,IT,, 0.00 ,,,Truck 100 m3 NO," 5,996.61 ",kg
36,None,, ,1,0,2022-08-24,12:00 - 13:00,2022-08-25,08:00 - 17:00,52333,Potpican,,HR,1,37060,Trevenzuolo,,IT,, 0.00 ,,,Truck 100 m3 NO," 8,843.54 ",kg
37,None,, ,1,0,2022-08-24,10:00 - 11:00,2022-08-25,08:00 - 16:00,52333,Potpican,,HR,1,78000,Banja Luka,,BA,, 0.00 ,,,Truck 100 m3 NO," 6,618.72 ",kg
38,None,, ,1,0,2022-08-24,06:00 - 07:00,2022-08-25,00:00 - 23:59,52333,Potpican,,HR,1,6055,Felsőlajos,,HU,, 0.00 ,,,Truck 100 m3 NO," 10,754.83 ",kg
39,None,, ,1,0,2022-08-24,06:00 - 07:00,2022-08-25,00:00 - 23:59,52333,Potpican,,HR,1,6055,Felsőlajos,,HU,, 0.00 ,,,Truck 100 m3 NO," 10,917.72 ",kg
40,None,, ,2,2,2022-08-23,06:00 - 07:00,2022-08-25,08:00 - 17:00,52333,Potpican,,HR,2,64021,GIULIANOVA,,IT,, 0.00 ,,,Truck 100 m3 NO," 5,868.50 ",kg
41,None,, ,1,1,2022-08-23,12:00 - 13:00,2022-08-24,08:00 - 16:00,52333,Potpican,,HR,1,36040,BRENDOLA,,IT,, 0.00 ,,,Truck 100 m3 NO," 5,856.38 ",kg
42,None,, ,1,1,2022-08-23,06:00 - 07:00,2022-08-24,08:00 - 17:00,52333,Potpican,,HR,1,46010,SAN SILVESTRO DI CURTATONE,,IT,, 0.00 ,,,Truck 100 m3 NO," 5,852.35 ",kg
43,None,, ,1,1,2022-08-23,14:00 - 15:00,2022-08-24,08:00 - 17:00,52333,Potpican,,HR,1,37060,Trevenzuolo,,IT,, 0.00 ,,,Truck 100 m3 NO," 8,843.54 ",kg
44,None,, ,1,0,2022-08-23,06:00 - 07:00,2022-08-24,00:00 - 23:59,52333,Potpican,,HR,1,6055,Felsőlajos,,HU,, 0.00 ,,,Truck 100 m3 NO," 10,754.83 ",kg
45,None,, ,1,0,2022-08-23,07:00 - 08:00,2022-08-24,00:00 - 23:59,52333,Potpican,,HR,1,6055,Felsőlajos,,HU,, 0.00 ,,,Truck 100 m3 NO," 8,669.87 ",kg
46,None,, ,1,1,2022-08-22,08:00 - 09:00,2022-08-24,08:00 - 16:00,52333,Potpican,,HR,1,61040,MONDAVIO,,IT,, 0.00 ,,,Truck 100 m3 NO," 8,751.00 ",kg
47,None,, ,1,1,2022-08-22,12:00 - 13:00,2022-08-23,08:00 - 17:00,52333,Potpican,,HR,1,33010,Venzone,,IT,, 0.00 ,,,Truck 100 m3 NO," 7,668.83 ",kg
48,None,, ,1,0,2022-08-22,07:00 - 08:00,2022-08-23,08:00 - 16:00,52333,Potpican,,HR,1,23000,Zadar,,HR,, 0.00 ,,,Truck 100 m3 NO," 11,908.00 ",kg
49,None,, ,1,0,2022-08-22,17:00 - 18:00,2022-08-23,08:00 - 17:00,52333,Potpican,,HR,1,37060,Trevenzuolo,,IT,, 0.00 ,,,Truck 100 m3 NO," 8,843.54 ",kg
50,None,, ,1,1,2022-08-22,06:00 - 07:00,2022-08-23,08:00 - 17:00,52333,Potpican,,HR,1,23871,LOMAGNA,,IT,, 0.00 ,,,Truck 100 m3 NO," 9,327.65 ",kg
51,None,, ,1,0,2022-08-22,06:00 - 07:00,2022-08-23,00:00 - 23:59,52333,Potpican,,HR,1,6055,Felsőlajos,,HU,, 0.00 ,,,Truck 100 m3 NO," 8,669.87 ",kg
52,None,, ,1,0,2022-08-22,06:00 - 07:00,2022-08-23,00:00 - 23:59,52333,Potpican,,HR,1,6055,Felsőlajos,,HU,, 0.00 ,,,Truck 100 m3 NO," 8,669.87 ",kg
53,None,, ,1,0,2022-08-11,06:00 - 07:00,2022-08-12,08:00 - 16:00,52333,Potpican,,HR,1,32100,Vinkovci,,HR,, 0.00 ,,,Truck 100 m3 NO," 12,236.32 ",kg
54,None,, ,1,0,2022-08-11,12:00 - 13:00,2022-08-12,00:00 - 23:59,52333,Potpican,,HR,1,6055,Felsőlajos,,HU,, 0.00 ,,,Truck 100 m3 NO," 10,754.83 ",kg
55,None,, ,1,1,2022-08-10,13:00 - 14:00,2022-08-11,08:00 - 17:00,52333,Potpican,,HR,1,39042,Bressanone,,IT,, 0.00 ,,,Truck 90 m3," 5,769.60 ",kg
56,None,, ,1,1,2022-08-10,17:00 - 18:00,2022-08-11,08:00 - 17:00,52333,Potpican,,HR,1,31055,QUINTO DI TREVISO,,IT,, 0.00 ,,,Truck 100 m3 NO," 8,358.36 ",kg
57,None,, ,1,1,2022-08-10,14:00 - 15:00,2022-08-11,08:00 - 17:00,52333,Potpican,,HR,1,38057,Pergine Valsugana,,IT,, 0.00 ,,,Truck 100 m3 NO," 9,327.65 ",kg
58,None,, ,1,1,2022-08-10,09:00 - 10:00,2022-08-11,08:00 - 17:00,52333,Potpican,,HR,1,20090,Trezzano sul Naviglio,,IT,, 0.00 ,,,Truck 100 m3 NO," 6,256.70 ",kg
59,None,, ,1,0,2022-08-10,16:00 - 17:00,2022-08-11,00:00 - 23:59,52333,Potpican,,HR,1,6055,Felsőlajos,,HU,, 0.00 ,,,Truck 100 m3 NO," 10,754.83 ",kg
60,None,, ,1,1,2022-08-09,14:00 - 15:00,2022-08-11,08:00 - 16:00,52333,Potpican,,HR,1,06087,BALANZANO,,IT,, 0.00 ,,,Truck 100 m3 NO," 5,437.14 ",kg
61,None,, ,1,0,2022-08-09,06:00 - 07:00,2022-08-10,08:00 - 16:00,52333,Potpican,,HR,1,20100,MILANO,,IT,, 0.00 ,,,Truck 90 m3," 6,346.56 ",kg
62,None,, ,1,1,2022-08-09,13:00 - 14:00,2022-08-10,08:00 - 17:00,52333,Potpican,,HR,1,38065,MORI,,IT,, 0.00 ,,,Truck 100 m3 NO," 5,649.79 ",kg
63,None,, ,1,1,2022-08-09,10:00 - 11:00,2022-08-10,08:00 - 16:00,52333,Potpican,,HR,1,42100,REGGIO EMILIA,,IT,, 0.00 ,,,Truck 100 m3 NO," 6,097.38 ",kg
64,None,, ,1,1,2022-08-09,06:00 - 07:00,2022-08-10,08:00 - 17:00,52333,Potpican,,HR,1,24057,MARTINENGO,,IT,, 0.00 ,,,Truck 100 m3 NO," 9,903.95 ",kg
65,None,, ,2,0,2022-08-09,09:00 - 10:00,2022-08-10,08:00 - 16:00,52333,Potpican,,HR,2,47000,Karlovac,,HR,, 0.00 ,,,Truck 100 m3 NO," 5,631.36 ",kg
66,None,, ,1,0,2022-08-09,06:00 - 07:00,2022-08-10,08:00 - 16:00,52333,Potpican,,HR,1,5000,NOVA GORICA,,SI,, 0.00 ,,,Truck 100 m3 NO," 6,134.11 ",kg
67,None,, ,1,0,2022-08-09,17:00 - 18:00,2022-08-10,08:00 - 16:00,52333,Potpican,,HR,1,74000,Doboj,,BA,, 0.00 ,,,Truck 100 m3 NO," 6,357.12 ",kg
68,None,, ,1,0,2022-08-09,16:00 - 17:00,2022-08-10,00:00 - 23:59,52333,Potpican,,HR,1,6055,Felsőlajos,,HU,, 0.00 ,,,Truck 100 m3 NO," 8,669.87 ",kg
69,None,, ,1,0,2022-08-09,11:00 - 12:00,2022-08-10,00:00 - 23:59,52333,Potpican,,HR,1,6055,Felsőlajos,,HU,, 0.00 ,,,Truck 100 m3 NO," 8,669.87 ",kg
70,None,, ,1,1,2022-08-08,13:00 - 14:00,2022-08-10,08:00 - 17:00,52333,Potpican,,HR,1,70022,ALTAMURA,,IT,, 0.00 ,,,Truck 100 m3 NO," 5,914.56 ",kg
71,None,, ,1,0,2022-08-08,14:00 - 15:00,2022-08-09,08:00 - 17:00,52333,Potpican,,HR,1,47521,Cesena,,IT,, 0.00 ,,,Truck 100 m3 NO," 7,855.25 ",kg
72,None,, ,1,0,2022-08-08,07:00 - 08:00,2022-08-09,00:00 - 23:59,52333,Potpican,,HR,1,6055,Felsőlajos,,HU,, 0.00 ,,,Truck 100 m3 NO," 10,754.83 ",kg
73,None,, ,1,0,2022-08-08,11:00 - 12:00,2022-08-09,08:00 - 16:00,52333,Potpican,,HR,1,1000,Ljubljana,,SI,, 0.00 ,,,Truck 100 m3 NO," 6,843.94 ",kg
74,None,, ,1,0,2022-08-08,09:00 - 10:00,2022-08-09,08:00 - 17:00,52333,Potpican,,HR,1,33010,Venzone,,IT,, 0.00 ,,,Truck 100 m3 NO," 7,668.83 ",kg
75,None,, ,1,0,2022-08-08,17:00 - 18:00,2022-08-09,08:00 - 16:00,52333,Potpican,,HR,1,3220,STORE,,SI,, 0.00 ,,,Truck 100 m3 NO," 7,152.00 ",kg
76,None,, ,1,1,2022-08-08,14:00 - 15:00,2022-08-09,08:00 - 17:00,52333,Potpican,,HR,1,46014,Castellucchio,,IT,, 0.00 ,,,Truck 100 m3 NO," 10,290.72 ",kg
77,None,, ,1,1,2022-08-08,12:00 - 13:00,2022-08-09,08:00 - 17:00,52333,Potpican,,HR,1,20020,SOLARO,,IT,, 0.00 ,,,Truck 100 m3 NO," 10,290.72 ",kg
78,None,, ,1,0,2022-08-08,16:00 - 17:00,2022-08-09,08:00 - 16:00,52333,Potpican,,HR,1,71000,SARAJEVO,,BA,, 0.00 ,,,Truck 100 m3 NO," 4,329.60 ",kg
79,None,, ,1,0,2022-08-08,18:00 - 19:00,2022-08-09,00:00 - 23:59,52333,Potpican,,HR,1,6055,Felsőlajos,,HU,, 0.00 ,,,Truck 100 m3 NO," 8,669.87 ",kg
80,None,, ,1,1,2022-08-04,06:00 - 07:00,2022-08-09,08:00 - 16:00,52333,Potpican,,HR,1,28078,ROMAGNANO SESIA,,IT,, 0.00 ,,,Truck 100 m3 NO," 5,848.32 ",kg
81,None,, ,1,1,2022-08-04,06:00 - 07:00,2022-08-09,08:00 - 17:00,52333,Potpican,,HR,1,17038,Villanova d'Albenga,,IT,, 0.00 ,,,Truck 100 m3 NO," 5,808.00 ",kg
82,None,, ,1,1,2022-08-04,11:00 - 12:00,2022-08-09,08:00 - 17:00,52333,Potpican,,HR,1,64032,ATRI,,IT,, 0.00 ,,,Truck 100 m3 NO," 6,301.57 ",kg
83,None,, ,1,1,2022-08-04,17:00 - 18:00,2022-08-09,08:00 - 17:00,52333,Potpican,,HR,1,73030,SURANO,,IT,, 0.00 ,,,Truck 100 m3 NO," 6,610.56 ",kg
84,None,, ,1,1,2022-08-04,16:00 - 17:00,2022-08-08,08:00 - 16:00,52333,Potpican,,HR,1,39031,BRUNICO,,IT,, 0.00 ,,,Truck 90 m3," 7,452.48 ",kg
85,None,, ,1,1,2022-08-04,06:00 - 07:00,2022-08-08,08:00 - 17:00,52333,Potpican,,HR,1,37060,Trevenzuolo,,IT,, 0.00 ,,,Truck 100 m3 NO," 8,843.54 ",kg
86,None,, ,1,0,2022-08-04,06:00 - 07:00,2022-08-05,00:00 - 23:59,52333,Potpican,,HR,1,6055,Felsőlajos,,HU,, 0.00 ,,,Truck 100 m3 NO," 8,669.87 ",kg
87,None,, ,1,1,2022-08-04,00:00 - 23:59,2022-08-05,08:00 - 16:00,52333,Potpican,,HR,1,33078,SAN VITO AL TAGLIAMENTO,,IT,, 0.00 ,,,Truck 100 m3 NO," 6,134.11 ",kg
88,None,, ,1,0,2022-08-04,13:00 - 14:00,2022-08-05,08:00 - 16:00,52333,Potpican,,HR,1,20814,VAREDO,,IT,, 0.00 ,,,Truck 100 m3 NO," 6,301.57 ",kg
89,None,, ,1,1,2022-08-03,10:00 - 11:00,2022-08-04,08:00 - 16:00,52333,Potpican,,HR,1,39031,BRUNICO,,IT,, 0.00 ,,,Truck 100 m3 NO," 5,389.42 ",kg
90,None,, ,1,0,2022-08-03,12:00 - 13:00,2022-08-04,08:00 - 16:00,52333,Potpican,,HR,1,51223,Kukuljanovo,,HR,, 0.00 ,,,Truck 100 m3 NO," 6,460.80 ",kg
91,None,, ,1,1,2022-08-03,14:00 - 15:00,2022-08-04,08:00 - 17:00,52333,Potpican,,HR,1,37060,Trevenzuolo,,IT,, 0.00 ,,,Truck 100 m3 NO," 8,843.54 ",kg
92,None,, ,1,0,2022-08-03,12:00 - 13:00,2022-08-04,08:00 - 16:00,52333,Potpican,,HR,1,40013,CASTEL MAGGIORE,,IT,, 0.00 ,,,Truck 100 m3 NO," 6,610.56 ",kg
93,None,, ,1,0,2022-08-03,06:00 - 07:00,2022-08-04,08:00 - 16:00,52333,Potpican,,HR,1,88320,LJUBUŠKI,,BA,, 0.00 ,,,Truck 100 m3 NO," 6,610.56 ",kg
94,None,, ,1,0,2022-08-03,06:00 - 07:00,2022-08-04,08:00 - 16:00,52333,Potpican,,HR,1,22310,Šimanovci,,RS,, 0.00 ,,,Truck 100 m3 NO," 8,258.29 ",kg
95,None,, ,1,0,2022-08-03,14:00 - 15:00,2022-08-04,00:00 - 23:59,52333,Potpican,,HR,1,6055,Felsőlajos,,HU,, 0.00 ,,,Truck 100 m3 NO," 8,669.87 ",kg
96,None,, ,1,0,2022-08-02,16:00 - 17:00,2022-08-04,08:00 - 11:00,52333,Potpican,,HR,1,00166,ROMA,,IT,, 0.00 ,,,Truck 100 m3 NO," 5,769.60 ",kg
97,None,, ,1,1,2022-08-02,07:00 - 08:00,2022-08-04,08:00 - 17:00,52333,Potpican,,HR,1,17038,Villanova d'Albenga,,IT,, 0.00 ,,,Truck 100 m3 NO," 5,852.35 ",kg
98,None,, ,2,2,2022-08-01,11:00 - 12:00,2022-08-03,08:00 - 17:00,52333,Potpican,,HR,2,70022,ALTAMURA,,IT,, 0.00 ,,,Truck 100 m3 NO," 5,852.35 ",kg
99,None,, ,1,0,2022-08-02,06:00 - 07:00,2022-08-03,08:00 - 16:00,52333,Potpican,,HR,1,3220,STORE,,SI,, 0.00 ,,,Truck 100 m3 NO," 7,152.00 ",kg
100,None,, ,1,1,2022-08-02,11:00 - 12:00,2022-08-03,08:00 - 17:00,52333,Potpican,,HR,1,46010,San Silvestro,,IT,, 0.00 ,,,Truck 100 m3 NO," 6,227.92 ",kg
101,None,, ,1,1,2022-08-02,09:00 - 10:00,2022-08-03,08:00 - 17:00,52333,Potpican,,HR,1,24050,MORNICO AL SERIO,,IT,, 0.00 ,,,Truck 100 m3 NO," 10,290.72 ",kg
102,None,, ,1,0,2022-08-02,10:00 - 11:00,2022-08-03,00:00 - 23:59,52333,Potpican,,HR,1,6055,Felsőlajos,,HU,, 0.00 ,,,Truck 100 m3 NO," 10,754.83 ",kg
103,None,, ,1,1,2022-08-01,10:00 - 11:00,2022-08-03,08:00 - 17:00,52333,Potpican,,HR,1,12030,RUFFIA,,IT,, 0.00 ,,,Truck 100 m3 NO," 11,365.30 ",kg
104,None,, ,1,1,2022-08-01,14:00 - 15:00,2022-08-03,08:00 - 17:00,52333,Potpican,,HR,1,64010,Ancarano,,IT,, 0.00 ,,,Truck 100 m3 NO," 7,707.85 ",kg
105,None,, ,1,1,2022-08-01,17:00 - 18:00,2022-08-02,08:00 - 17:00,52333,Potpican,,HR,1,33010,Venzone,,IT,, 0.00 ,,,Truck 100 m3 NO," 8,447.58 ",kg
106,None,, ,1,0,2022-08-01,17:00 - 18:00,2022-08-02,08:00 - 16:00,52333,Potpican,,HR,1,3220,STORE,,SI,, 0.00 ,,,Truck 100 m3 NO," 7,152.00 ",kg
107,None,, ,1,1,2022-08-01,11:00 - 12:00,2022-08-02,08:00 - 17:00,52333,Potpican,,HR,1,25012,Calvisano,,IT,, 0.00 ,,,Truck 100 m3 NO," 10,772.52 ",kg
108,None,, ,1,1,2022-08-01,13:00 - 14:00,2022-08-02,08:00 - 16:00,52333,Potpican,,HR,1,42020,QUATTRO CASTELLA,,IT,, 0.00 ,,,Truck 100 m3 NO," 12,266.91 ",kg
109,None,, ,1,1,2022-08-01,11:00 - 12:00,2022-08-02,08:00 - 16:00,52333,Potpican,,HR,1,20865,USMATE,,IT,, 0.00 ,,,Truck 100 m3 NO," 10,290.72 ",kg
110,None,, ,1,0,2022-08-01,17:00 - 18:00,2022-08-02,08:00 - 16:00,52333,Potpican,,HR,1,22310,Šimanovci,,RS,, 0.00 ,,,Truck 100 m3 NO," 8,258.29 ",kg
111,None,, ,1,0,2022-08-01,19:00 - 20:00,2022-08-02,00:00 - 23:59,52333,Potpican,,HR,1,6055,Felsőlajos,,HU,, 0.00 ,,,Truck 100 m3 NO," 8,800.18 ",kg
112,None,, ,1,1,2022-07-29,10:00 - 11:00,2022-08-02,08:00 - 16:00,52333,Potpican,,HR,1,71019,VIESTE,,IT,, 0.00 ,,,Truck 100 m3 NO," 6,610.56 ",kg
113,None,, ,1,0,2022-07-29,11:00 - 12:00,2022-08-02,08:00 - 17:00,52333,Potpican,,HR,1,80035,NOLA,,IT,, 0.00 ,,,Truck 100 m3 NO," 5,769.60 ",kg
114,None,, ,1,0,2022-07-29,06:00 - 07:00,2022-08-02,08:00 - 16:00,52333,Potpican,,HR,1,70032,BITONTO,,IT,, 0.00 ,,,Truck 100 m3 NO," 6,162.82 ",kg
115,None,, ,1,1,2022-07-29,13:00 - 14:00,2022-08-01,08:00 - 17:00,52333,Potpican,,HR,1,37060,Trevenzuolo,,IT,, 0.00 ,,,Truck 100 m3 NO," 8,843.54 ",kg
116,None,, ,1,0,2022-07-29,15:00 - 16:00,2022-08-01,08:00 - 16:00,52333,Potpican,,HR,1,40013,CASTEL MAGGIORE,,IT,, 0.00 ,,,Truck 100 m3 NO," 6,552.96 ",kg
117,None,, ,1,1,2022-07-28,11:00 - 12:00,2022-08-01,08:00 - 17:00,52333,Potpican,,HR,1,64010,Ancarano,,IT,, 0.00 ,,,Truck 100 m3 NO," 9,687.19 ",kg
118,None,, ,1,0,2022-07-28,07:00 - 08:00,2022-07-29,08:00 - 16:00,52333,Potpican,,HR,1,51223,Kukuljanovo,,HR,, 0.00 ,,,Truck 100 m3 NO," 6,800.64 ",kg
119,None,, ,1,0,2022-07-28,06:00 - 07:00,2022-07-29,08:00 - 16:00,52333,Potpican,,HR,1,40013,CASTEL MAGGIORE,,IT,, 0.00 ,,,Truck 100 m3 NO," 6,761.57 ",kg
120,None,, ,1,0,2022-07-28,11:00 - 12:00,2022-07-29,08:00 - 16:00,52333,Potpican,,HR,1,37060,Trevenzuolo,,IT,, 0.00 ,,,Truck 100 m3 NO," 8,843.54 ",kg
121,None,, ,1,0,2022-07-27,12:00 - 13:00,2022-07-29,08:00 - 16:00,52333,Potpican,,HR,1,15068,Pozzolo Formigaro,,IT,, 0.00 ,,,Truck 100 m3 NO," 7,707.85 ",kg
122,None,, ,1,1,2022-07-27,11:00 - 12:00,2022-07-29,08:00 - 16:00,52333,Potpican,,HR,1,64010,Ancarano,,IT,, 0.00 ,,,Truck 100 m3 NO," 9,687.19 ",kg
123,None,, ,1,0,2022-07-27,07:00 - 08:00,2022-07-28,08:00 - 16:00,52333,Potpican,,HR,1,40013,CASTEL MAGGIORE,,IT,, 0.00 ,,,Truck 100 m3 NO," 7,801.01 ",kg
124,None,, ,1,0,2022-07-27,14:00 - 15:00,2022-07-28,08:00 - 16:00,52333,Potpican,,HR,1,74000,Doboj,,BA,, 0.00 ,,,Truck 100 m3 NO," 6,357.12 ",kg
125,None,, ,1,0,2022-07-27,14:00 - 15:00,2022-07-28,08:00 - 16:00,52333,Potpican,,HR,1,88320,Ljubuški,,BA,, 0.00 ,,,Truck 100 m3 NO," 9,146.26 ",kg
126,None,, ,1,0,2022-07-27,13:00 - 14:00,2022-07-28,07:00 - 16:00,52333,Potpican,,HR,1,3451,Michelhausen,,AT,, 0.00 ,,,Truck 100 m3 NO," 9,230.25 ",kg
127,None,, ,1,0,2022-07-28,14:00 - 15:00,2022-07-28,00:00 - 23:59,52333,Potpican,,HR,1,6055,Felsőlajos,,HU,, 0.00 ,,,Truck 100 m3 NO," 8,669.87 ",kg
128,None,, ,1,0,2022-07-28,06:00 - 07:00,2022-07-28,00:00 - 23:59,52333,Potpican,,HR,1,6055,Felsőlajos,,HU,, 0.00 ,,,Truck 100 m3 NO," 8,669.87 ",kg
129,None,, ,1,1,2022-07-26,06:00 - 07:00,2022-07-28,08:00 - 17:00,52333,Potpican,,HR,1,15068,Pozzolo Formigaro,,IT,, 0.00 ,,,Truck 100 m3 NO," 7,707.85 ",kg
130,None,, ,1,1,2022-07-26,06:00 - 07:00,2022-07-28,08:00 - 17:00,52333,Potpican,,HR,1,64010,Ancarano,,IT,, 0.00 ,,,Truck 100 m3 NO," 9,687.19 ",kg
131,None,, ,1,0,2022-07-26,06:00 - 07:00,2022-07-28,07:30 - 12:00,52333,Potpican,,HR,1,60020,CAMERATA PICENA,,IT,, 0.00 ,,,Truck 100 m3 NO," 9,327.65 ",kg
132,None,, ,1,1,2022-07-26,10:00 - 11:00,2022-07-27,08:00 - 16:00,52333,Potpican,,HR,1,42020,QUATTRO CASTELLA,,IT,, 0.00 ,,,Truck 90 m3," 7,867.20 ",kg
133,None,, ,1,0,2022-07-26,13:00 - 14:00,2022-07-27,08:00 - 17:00,52333,Potpican,,HR,1,37060,Trevenzuolo,,IT,, 0.00 ,,,Truck 100 m3 NO," 8,843.54 ",kg
134,None,, ,1,0,2022-07-26,06:00 - 07:00,2022-07-27,07:00 - 16:00,52333,Potpican,,HR,1,3451,Michelhausen,,AT,, 0.00 ,,,Truck 100 m3 NO," 10,396.19 ",kg
135,None,, ,1,0,2022-07-26,06:00 - 07:00,2022-07-27,08:00 - 16:00,52333,Potpican,,HR,1,75300,Lukavac,,BA,, 0.00 ,,,Truck 100 m3 NO," 6,936.00 ",kg
136,None,, ,1,0,2022-07-26,15:00 - 16:00,2022-07-27,00:00 - 23:59,52333,Potpican,,HR,1,6055,Felsőlajos,,HU,, 0.00 ,,,Truck 100 m3 NO," 8,669.87 ",kg
137,None,, ,1,1,2022-07-25,10:00 - 11:00,2022-07-27,08:00 - 17:00,52333,Potpican,,HR,1,10042,Nichelino,,IT,, 0.00 ,,,Truck 100 m3 NO," 6,828.80 ",kg
138,None,, ,2,0,2022-07-25,17:00 - 18:00,2022-07-26,08:00 - 16:00,52333,Potpican,,HR,1,78000,Banja Luka,,BA,, 0.00 ,,,Truck 100 m3 NO," 5,816.80 ",kg
139,None,, ,1,0,2022-07-25,12:00 - 13:00,2022-07-26,08:00 - 16:00,52333,Potpican,,HR,1,51223,Kukuljanovo,,HR,, 0.00 ,,,Truck 100 m3 NO," 6,800.64 ",kg
140,None,, ,1,0,2022-07-25,14:00 - 15:00,2022-07-26,08:00 - 17:30,52333,Potpican,,HR,1,46100,Mantova,,IT,, 0.00 ,,,Truck 100 m3 NO," 8,843.54 ",kg
141,None,, ,1,0,2022-07-25,15:00 - 16:00,2022-07-26,08:00 - 16:00,52333,Potpican,,HR,1,88320,Ljubuški,,BA,, 0.00 ,,,Truck 100 m3 NO," 11,323.94 ",kg
142,None,, ,1,0,2022-07-25,11:00 - 12:00,2022-07-26,07:00 - 16:00,52333,Potpican,,HR,1,3451,Michelhausen,,AT,, 0.00 ,,,Truck 100 m3 NO," 9,230.25 ",kg
143,None,, ,1,0,2022-07-25,06:00 - 07:00,2022-07-26,00:00 - 23:59,52333,Potpican,,HR,1,6055,Felsőlajos,,HU,, 0.00 ,,,Truck 100 m3 NO," 10,754.83 ",kg
144,None,, ,1,1,2022-07-22,14:00 - 15:00,2022-07-26,08:00 - 17:00,52333,Potpican,,HR,1,10042,Nichelino,,IT,, 0.00 ,,,Truck 100 m3 NO," 8,371.00 ",kg
145,None,, ,1,1,2022-07-21,18:00 - 19:00,2022-07-25,08:00 - 17:00,52333,Potpican,,HR,1,80035,NOLA,,IT,, 0.00 ,,,Truck 100 m3 NO," 6,346.56 ",kg
146,None,, ,1,1,2022-07-22,06:00 - 07:00,2022-07-25,08:00 - 17:00,52333,Potpican,,HR,1,37060,RONCANOVA DI GAZZO VERONESE,,IT,, 0.00 ,,,Truck 100 m3 NO," 5,742.88 ",kg
147,None,, ,1,0,2022-07-22,08:00 - 09:00,2022-07-25,08:00 - 17:00,52333,Potpican,,HR,1,47521,CESENA,,IT,, 0.00 ,,,Truck 100 m3 NO," 7,707.85 ",kg
148,None,, ,1,1,2022-07-22,13:00 - 14:00,2022-07-25,08:00 - 17:00,52333,Potpican,,HR,1,50021,Barberino Val d'Elsa,,IT,, 0.00 ,,,Truck 100 m3 NO," 5,774.01 ",kg
149,None,, ,1,1,2022-07-21,10:00 - 11:00,2022-07-25,08:00 - 17:00,52333,Potpican,,HR,1,10042,Nichelino,,IT,, 0.00 ,,,Truck 100 m3 NO," 6,828.80 ",kg
150,None,, ,1,1,2022-07-21,17:00 - 18:00,2022-07-25,08:00 - 17:00,52333,Potpican,,HR,1,64032,ATRI,,IT,, 0.00 ,,,Truck 100 m3 NO," 6,301.57 ",kg
151,None,, ,1,0,2022-07-21,14:00 - 15:00,2022-07-22,08:00 - 16:00,52333,Potpican,,HR,1,40013,CASTEL MAGGIORE,,IT,, 0.00 ,,,Truck 100 m3 NO," 8,410.08 ",kg
152,None,, ,1,0,2022-07-21,06:00 - 07:00,2022-07-22,08:00 - 16:00,52333,Potpican,,HR,1,51223,Kukuljanovo,,HR,, 0.00 ,,,Truck 100 m3 NO," 6,800.64 ",kg
153,None,, ,1,1,2022-07-21,13:00 - 14:00,2022-07-22,08:00 - 16:00,52333,Potpican,,HR,1,20010,VANZAGO,,IT,, 0.00 ,,,Truck 100 m3 NO," 10,316.06 ",kg
154,None,, ,1,0,2022-07-21,15:00 - 16:00,2022-07-22,00:00 - 23:59,52333,Potpican,,HR,1,6055,Felsőlajos,,HU,, 0.00 ,,,Truck 100 m3 NO," 10,917.72 ",kg
155,None,, ,1,1,2022-07-20,17:00 - 18:00,2022-07-22,08:00 - 16:00,52333,Potpican,,HR,1,15068,Pozzolo Formigaro,,IT,, 0.00 ,,,Truck 100 m3 NO," 7,707.85 ",kg
156,None,, ,1,0,2022-07-20,14:00 - 15:00,2022-07-21,00:00 - 23:59,52333,Potpican,,HR,1,6055,Felsőlajos,,HU,, 0.00 ,,,Truck 100 m3 NO," 8,800.18 ",kg
157,None,, ,1,1,2022-07-20,16:00 - 17:00,2022-07-21,08:00 - 17:00,52333,Potpican,,HR,1,33010,Venzone,,IT,, 0.00 ,,,Truck 100 m3 NO," 7,668.83 ",kg
158,None,, ,1,1,2022-07-20,15:00 - 16:00,2022-07-21,08:00 - 17:30,52333,Potpican,,HR,1,46100,Mantova,,IT,, 0.00 ,,,Truck 100 m3 NO," 8,843.54 ",kg
159,None,, ,1,0,2022-07-20,07:00 - 08:00,2022-07-21,08:00 - 16:00,52333,Potpican,,HR,1,40013,CASTEL MAGGIORE,,IT,, 0.00 ,,,Truck 100 m3 NO," 11,193.60 ",kg
160,None,, ,1,1,2022-07-20,15:00 - 16:00,2022-07-21,08:00 - 17:00,52333,Potpican,,HR,1,42021,BIBBIANO,,IT,, 0.00 ,,,Truck 100 m3 NO," 9,809.18 ",kg
161,None,, ,1,1,2022-07-20,11:00 - 12:00,2022-07-21,08:00 - 16:00,52333,Potpican,,HR,1,23900,LECCO,,IT,, 0.00 ,,,Truck 100 m3 NO," 10,129.44 ",kg
162,None,, ,1,0,2022-07-20,12:00 - 13:00,2022-07-21,07:00 - 16:00,52333,Potpican,,HR,1,3451,Michelhausen,,AT,, 0.00 ,,,Truck 100 m3 NO," 12,073.90 ",kg
163,None,, ,1,1,2022-07-19,15:00 - 16:00,2022-07-21,08:00 - 17:00,52333,Potpican,,HR,1,15068,Pozzolo Formigaro,,IT,, 0.00 ,,,Truck 100 m3 NO," 7,707.85 ",kg
164,None,, ,1,1,2022-07-19,16:00 - 17:00,2022-07-21,08:00 - 17:00,52333,Potpican,,HR,1,66020,SAN GIOVANNI TEATINO,,IT,, 0.00 ,,,Truck 100 m3 NO," 10,392.10 ",kg
165,None,, ,1,0,2022-07-19,10:00 - 11:00,2022-07-20,08:00 - 16:00,52333,Potpican,,HR,1,40013,CASTEL MAGGIORE,,IT,, 0.00 ,,,Truck 100 m3 NO," 7,922.25 ",kg
166,None,, ,1,1,2022-07-19,09:00 - 10:00,2022-07-20,08:00 - 17:30,52333,Potpican,,HR,1,46100,Mantova,,IT,, 0.00 ,,,Truck 100 m3 NO," 8,843.54 ",kg
167,None,, ,1,0,2022-07-19,11:00 - 12:00,2022-07-20,08:00 - 16:00,52333,Potpican,,HR,1,32000,Vukovar,,HR,, 0.00 ,,,Truck 100 m3 NO," 6,357.12 ",kg
168,None,, ,1,1,2022-07-19,15:00 - 16:00,2022-07-20,08:00 - 17:30,52333,Potpican,,HR,1,22073,FINO MORNASCO,,IT,, 0.00 ,,,Truck 100 m3 NO," 5,808.00 ",kg
169,None,, ,1,0,2022-07-19,15:00 - 16:00,2022-07-20,07:00 - 16:00,52333,Potpican,,HR,1,3451,Michelhausen,,AT,, 0.00 ,,,Truck 100 m3 NO," 10,396.19 ",kg
170,None,, ,1,0,2022-07-19,16:00 - 17:00,2022-07-20,00:00 - 23:59,52333,Potpican,,HR,1,6055,Felsőlajos,,HU,, 0.00 ,,,Truck 100 m3 NO," 10,917.72 ",kg
171,None,, ,1,1,2022-07-18,13:00 - 14:00,2022-07-20,08:00 - 17:00,52333,Potpican,,HR,1,10042,Nichelino,,IT,, 0.00 ,,,Truck 100 m3 NO," 6,828.80 ",kg
172,None,, ,1,1,2022-07-18,08:00 - 09:00,2022-07-20,08:00 - 17:00,52333,Potpican,,HR,1,66020,SAN GIOVANNI TEATINO,,IT,, 0.00 ,,,Truck 100 m3 NO," 6,761.57 ",kg
173,None,, ,1,0,2022-07-18,13:00 - 14:00,2022-07-19,08:00 - 17:00,52333,Potpican,,HR,1,47521,CESENA,,IT,, 0.00 ,,,Truck 100 m3 NO," 7,707.85 ",kg
174,None,, ,2,2,2022-07-18,18:00 - 19:00,2022-07-19,08:00 - 16:00,52333,Potpican,,HR,2,20060,BASIANO,,IT,, 0.00 ,,,Truck 100 m3 NO," 4,853.95 ",kg
175,None,, ,1,0,2022-07-18,15:00 - 16:00,2022-07-19,08:00 - 16:00,52333,Potpican,,HR,1,40013,CASTEL MAGGIORE,,IT,, 0.00 ,,,Truck 100 m3 NO," 6,114.27 ",kg
176,None,, ,1,1,2022-07-18,06:00 - 07:00,2022-07-19,08:00 - 16:00,52333,Potpican,,HR,1,25125,BRESCIA,,IT,, 0.00 ,,,Truck 100 m3 NO," 6,134.11 ",kg
177,None,, ,1,0,2022-07-18,19:00 - 20:00,2022-07-19,00:00 - 23:59,52333,Potpican,,HR,1,6055,Felsőlajos,,HU,, 0.00 ,,,Truck 100 m3 NO," 8,669.87 ",kg
178,None,, ,1,0,2022-07-18,18:00 - 19:00,2022-07-19,00:00 - 23:59,52333,Potpican,,HR,1,6055,Felsőlajos,,HU,, 0.00 ,,,Truck 100 m3 NO," 8,669.87 ",kg
179,None,, ,1,1,2022-07-15,10:00 - 11:00,2022-07-19,08:00 - 17:00,52333,Potpican,,HR,1,10042,Nichelino,,IT,, 0.00 ,,,Truck 100 m3 NO," 8,371.00 ",kg
180,None,, ,1,1,2022-07-15,16:00 - 17:00,2022-07-19,14:00 - 17:30,52333,Potpican,,HR,1,12030,TORRE SAN GIORGIO,,IT,, 0.00 ,,,Truck 100 m3 NO," 5,769.60 ",kg
181,None,, ,1,0,2022-07-15,13:00 - 14:00,2022-07-18,08:00 - 16:00,52333,Potpican,,HR,1,40013,CASTEL MAGGIORE,,IT,, 0.00 ,,,Truck 100 m3 NO," 6,761.57 ",kg
182,None,, ,1,1,2022-07-15,06:00 - 07:00,2022-07-18,08:00 - 17:00,52333,Potpican,,HR,1,20814,VAREDO,,IT,, 0.00 ,,,Truck 100 m3 NO," 5,830.18 ",kg
183,None,, ,1,0,2022-07-15,12:00 - 13:00,2022-07-18,00:00 - 23:59,52333,Potpican,,HR,1,6055,Felsőlajos,,HU,, 0.00 ,,,Truck 100 m3 NO," 8,669.87 ",kg
184,None,, ,1,1,2022-07-14,10:00 - 11:00,2022-07-18,08:00 - 17:00,52333,Potpican,,HR,1,10042,Nichelino,,IT,, 0.00 ,,,Truck 100 m3 NO," 6,828.80 ",kg
185,None,, ,2,0,2022-07-14,13:00 - 14:00,2022-07-15,08:00 - 16:00,52333,Potpican,,HR,2,48000,Koprivnica,,HR,, 0.00 ,,,Truck 100 m3 NO," 6,632.16 ",kg
186,None,, ,1,1,2022-07-14,15:00 - 16:00,2022-07-15,08:00 - 16:00,52333,Potpican,,HR,1,36020,POVE DEL GRAPPA,,IT,, 0.00 ,,,Truck 100 m3 NO," 6,134.11 ",kg
187,None,, ,1,0,2022-07-14,07:00 - 08:00,2022-07-15,08:00 - 16:00,52333,Potpican,,HR,1,40013,CASTEL MAGGIORE,,IT,, 0.00 ,,,Truck 100 m3 NO," 9,328.04 ",kg
188,None,, ,1,0,2022-07-14,12:00 - 13:00,2022-07-15,08:00 - 16:00,52333,Potpican,,HR,1,74000,Doboj,,BA,, 0.00 ,,,Truck 100 m3 NO," 6,357.12 ",kg
189,None,, ,1,1,2022-07-13,15:00 - 16:00,2022-07-15,08:00 - 16:00,52333,Potpican,,HR,1,10042,Nichelino,,IT,, 0.00 ,,,Truck 100 m3 NO," 8,371.00 ",kg
190,None,, ,1,1,2022-07-13,09:00 - 10:00,2022-07-14,08:00 - 16:00,52333,Potpican,,HR,1,20865,USMATE,,IT,, 0.00 ,,,Truck 100 m3 NO," 9,327.65 ",kg
191,None,, ,1,1,2022-07-13,16:00 - 17:00,2022-07-14,08:00 - 17:00,52333,Potpican,,HR,1,33010,Venzone,,IT,, 0.00 ,,,Truck 100 m3 NO," 7,668.83 ",kg
192,None,, ,1,0,2022-07-13,14:00 - 15:00,2022-07-14,08:00 - 16:00,52333,Potpican,,HR,1,40013,CASTEL MAGGIORE,,IT,, 0.00 ,,,Truck 100 m3 NO," 9,783.84 ",kg
193,None,, ,1,0,2022-07-13,12:00 - 13:00,2022-07-14,08:00 - 16:00,52333,Potpican,,HR,1,88320,LJUBUŠKI,,BA,, 0.00 ,,,Truck 100 m3 NO," 6,610.56 ",kg
194,None,, ,1,0,2022-07-13,06:00 - 07:00,2022-07-14,07:00 - 16:00,52333,Potpican,,HR,1,3451,Michelhausen,,AT,, 0.00 ,,,Truck 100 m3 NO," 9,230.25 ",kg
195,None,, ,1,0,2022-07-13,06:00 - 07:00,2022-07-14,08:00 - 16:00,52333,Potpican,,HR,1,11000,Beograd,,RS,, 0.00 ,,,Truck 100 m3 NO," 6,615.58 ",kg
196,None,, ,1,0,2022-07-13,06:00 - 07:00,2022-07-14,00:00 - 23:59,52333,Potpican,,HR,1,6055,Felsőlajos,,HU,, 0.00 ,,,Truck 100 m3 NO," 10,917.72 ",kg
197,None,, ,1,1,2022-07-11,11:00 - 11:30,2022-07-14,08:00 - 17:00,31380,Caparroso,,ES,1,31024,ORMELLE,,IT,, 0.00 ,,,Megatrailer 95 m3," 12,125.52 ",kg
198,None,, ,1,1,2022-07-12,06:00 - 07:00,2022-07-14,08:00 - 17:00,52333,Potpican,,HR,1,10042,Nichelino,,IT,, 0.00 ,,,Truck 100 m3 NO," 6,828.80 ",kg
199,None,, ,1,0,2022-07-12,17:00 - 18:00,2022-07-13,08:00 - 16:00,52333,Potpican,,HR,1,49210,Zabok,,HR,, 0.00 ,,,Truck 100 m3 NO," 6,990.72 ",kg
200,None,, ,1,1,2022-07-12,06:00 - 07:00,2022-07-13,08:00 - 16:00,52333,Potpican,,HR,1,25015,DESENZANO D/G,,IT,, 0.00 ,,,Truck 100 m3 NO," 6,195.87 ",kg
201,None,, ,1,0,2022-07-12,06:00 - 07:00,2022-07-13,07:00 - 16:00,52333,Potpican,,HR,1,3451,Michelhausen,,AT,, 0.00 ,,,Truck 100 m3 NO," 12,073.90 ",kg
202,None,, ,1,0,2022-07-12,06:00 - 07:00,2022-07-13,00:00 - 23:59,52333,Potpican,,HR,1,6055,Felsőlajos,,HU,, 0.00 ,,,Truck 100 m3 NO," 8,669.87 ",kg
203,None,, ,1,1,2022-07-11,09:00 - 10:00,2022-07-13,08:00 - 16:00,52333,Potpican,,HR,1,50058,SIGNA,,IT,, 0.00 ,,,Truck 100 m3 NO," 5,852.35 ",kg
204,None,, ,1,0,2022-07-11,17:00 - 18:00,2022-07-12,08:00 - 16:00,52333,Potpican,,HR,1,10000,Zagreb,,HR,, 0.00 ,,,Truck 100 m3 NO," 6,888.48 ",kg
205,None,, ,1,0,2022-07-11,06:00 - 07:00,2022-07-12,08:00 - 16:00,52333,Potpican,,HR,1,51223,Kukuljanovo,,HR,, 0.00 ,,,Truck 100 m3 NO," 6,615.58 ",kg
206,None,, ,1,0,2022-07-11,12:00 - 13:00,2022-07-12,08:00 - 16:00,52333,Potpican,,HR,1,40013,CASTEL MAGGIORE,,IT,, 0.00 ,,,Truck 100 m3 NO," 9,327.65 ",kg
207,None,, ,1,1,2022-07-11,16:00 - 17:00,2022-07-12,08:00 - 17:00,52333,Potpican,,HR,1,24020,FIORANO SUL SERIO,,IT,, 0.00 ,,,Truck 100 m3 NO," 10,290.72 ",kg
208,None,, ,1,0,2022-07-11,12:00 - 13:00,2022-07-12,07:00 - 16:00,52333,Potpican,,HR,1,3451,Michelhausen,,AT,, 0.00 ,,,Truck 100 m3 NO," 9,230.25 ",kg
209,None,, ,1,0,2022-07-11,19:00 - 20:00,2022-07-12,00:00 - 23:59,52333,Potpican,,HR,1,6055,Felsőlajos,,HU,, 0.00 ,,,Truck 100 m3 NO," 8,669.87 ",kg
210,None,, ,1,1,2022-07-08,11:00 - 12:00,2022-07-12,08:00 - 17:00,52333,Potpican,,HR,1,10042,Nichelino,,IT,, 0.00 ,,,Truck 100 m3 NO," 6,828.80 ",kg
211,None,, ,1,0,2022-07-08,18:00 - 19:00,2022-07-11,08:00 - 16:00,52333,Potpican,,HR,1,23241,Poličnik,,HR,, 0.00 ,,,Truck 100 m3 NO," 10,365.47 ",kg
212,None,, ,1,1,2022-07-08,17:00 - 18:00,2022-07-11,08:00 - 17:00,52333,Potpican,,HR,1,38121,Spini di Gardolo,,IT,, 0.00 ,,,Truck 100 m3 NO," 5,941.06 ",kg
213,None,, ,1,0,2022-07-08,14:00 - 15:00,2022-07-11,08:00 - 16:00,52333,Potpican,,HR,1,40013,CASTEL MAGGIORE,,IT,, 0.00 ,,,Truck 100 m3 NO," 9,483.55 ",kg
214,None,, ,1,0,2022-07-08,13:00 - 14:00,2022-07-11,08:00 - 17:00,52333,Potpican,,HR,1,47521,CESENA,,IT,, 0.00 ,,,Truck 100 m3 NO," 8,843.54 ",kg
215,None,, ,1,1,2022-07-07,16:00 - 17:00,2022-07-11,08:00 - 17:00,52333,Potpican,,HR,1,10042,Nichelino,,IT,, 0.00 ,,,Truck 100 m3 NO," 8,371.00 ",kg
216,None,, ,2,0,2022-07-07,06:00 - 07:00,2022-07-08,08:00 - 16:00,52333,Potpican,,HR,2,88320,LJUBUŠKI,,BA,, 0.00 ,,,Truck 100 m3 NO," 6,509.76 ",kg
217,None,, ,1,0,2022-07-07,18:00 - 19:00,2022-07-08,08:00 - 16:00,52333,Potpican,,HR,1,51223,Kukuljanovo,,HR,, 0.00 ,,,Truck 100 m3 NO," 6,615.58 ",kg
218,None,, ,1,1,2022-07-07,06:00 - 07:00,2022-07-08,08:00 - 16:00,52333,Potpican,,HR,1,33080,San Quirino,,IT,, 0.00 ,,,Truck 100 m3 NO," 11,611.37 ",kg
219,None,, ,1,0,2022-07-07,13:00 - 14:00,2022-07-08,08:00 - 16:00,52333,Potpican,,HR,1,74000,Doboj,,BA,, 0.00 ,,,Truck 100 m3 NO," 6,357.12 ",kg
220,None,, ,1,1,2022-07-06,11:00 - 12:00,2022-07-08,08:00 - 16:00,52333,Potpican,,HR,1,10042,Nichelino,,IT,, 0.00 ,,,Truck 100 m3 NO," 8,371.00 ",kg
221,None,, ,2,0,2022-07-06,13:00 - 14:00,2022-07-07,08:00 - 16:00,52333,Potpican,,HR,2,10437,Bestovje,,HR,, 0.00 ,,,Truck 100 m3 NO," 6,957.60 ",kg
222,None,, ,1,0,2022-07-06,11:00 - 12:00,2022-07-07,08:00 - 16:00,52333,Potpican,,HR,1,40013,CASTEL MAGGIORE,,IT,, 0.00 ,,,Truck 100 m3 NO," 11,851.91 ",kg
223,None,, ,1,1,2022-07-06,09:00 - 10:00,2022-07-07,08:00 - 17:00,52333,Potpican,,HR,1,20093,Cologno Monzese,,IT,, 0.00 ,,,Truck 100 m3 NO," 5,961.22 ",kg
224,None,, ,1,0,2022-07-06,19:00 - 20:00,2022-07-07,07:00 - 16:00,52333,Potpican,,HR,1,3451,Michelhausen,,AT,, 0.00 ,,,Truck 100 m3 NO," 12,073.90 ",kg
225,None,, ,1,0,2022-07-06,12:00 - 13:00,2022-07-07,00:00 - 23:59,52333,Potpican,,HR,1,6055,Felsőlajos,,HU,, 0.00 ,,,Truck 100 m3 NO," 10,754.83 ",kg
226,None,, ,1,1,2022-07-05,06:00 - 07:00,2022-07-07,08:00 - 17:00,52333,Potpican,,HR,1,15068,Pozzolo Formigaro,,IT,, 0.00 ,,,Truck 100 m3 NO," 8,843.54 ",kg
227,None,, ,1,1,2022-07-05,06:00 - 07:00,2022-07-07,08:00 - 17:00,52333,Potpican,,HR,1,10042,Nichelino,,IT,, 0.00 ,,,Truck 100 m3 NO," 8,371.00 ",kg
228,None,, ,1,0,2022-07-05,15:00 - 16:00,2022-07-06,08:00 - 16:00,52333,Potpican,,HR,1,10290,Zaprešić,,HR,, 0.00 ,,,Truck 100 m3 NO," 6,357.12 ",kg
229,None,, ,1,1,2022-07-05,15:00 - 16:00,2022-07-06,08:00 - 17:00,52333,Potpican,,HR,1,37060,Trevenzuolo,,IT,, 0.00 ,,,Truck 100 m3 NO," 8,843.54 ",kg
230,None,, ,1,0,2022-07-05,15:00 - 16:00,2022-07-06,08:00 - 16:00,52333,Potpican,,HR,1,40013,CASTEL MAGGIORE,,IT,, 0.00 ,,,Truck 100 m3 NO," 6,761.57 ",kg
231,None,, ,1,1,2022-07-05,13:00 - 14:00,2022-07-06,08:00 - 16:00,52333,Potpican,,HR,1,24054,CALCIO,,IT,, 0.00 ,,,Truck 100 m3 NO," 5,843.33 ",kg
232,None,, ,1,0,2022-07-05,11:00 - 12:00,2022-07-06,07:00 - 16:00,52333,Potpican,,HR,1,3451,Michelhausen,,AT,, 0.00 ,,,Truck 100 m3 NO," 9,230.25 ",kg
233,None,, ,1,0,2022-07-05,06:00 - 07:00,2022-07-06,08:00 - 16:00,52333,Potpican,,HR,1,76316,Janja,,BA,, 0.00 ,,,Truck 100 m3 NO," 7,152.00 ",kg
234,None,, ,1,1,2022-07-04,10:00 - 11:00,2022-07-06,08:00 - 17:00,52333,Potpican,,HR,1,10095,GRUGLIASCO,,IT,, 0.00 ,,,Truck 100 m3 NO," 10,290.72 ",kg
235,None,, ,1,1,2022-07-04,14:00 - 15:00,2022-07-05,08:00 - 17:00,52333,Potpican,,HR,1,37060,Trevenzuolo,,IT,, 0.00 ,,,Truck 100 m3 NO," 8,843.54 ",kg
236,None,, ,1,0,2022-07-04,16:00 - 17:00,2022-07-05,08:00 - 16:00,52333,Potpican,,HR,1,34000,Požega,,HR,, 0.00 ,,,Truck 100 m3 NO," 7,068.48 ",kg
237,None,, ,1,0,2022-07-04,13:00 - 14:00,2022-07-05,08:00 - 16:00,52333,Potpican,,HR,1,40013,CASTEL MAGGIORE,,IT,, 0.00 ,,,Truck 100 m3 NO," 10,290.72 ",kg
238,None,, ,1,1,2022-07-04,12:00 - 13:00,2022-07-05,08:00 - 16:00,52333,Potpican,,HR,1,20139,MILANO,,IT,, 0.00 ,,,Truck 100 m3 NO," 6,062.05 ",kg
239,None,, ,1,0,2022-07-04,12:00 - 13:00,2022-07-05,00:00 - 23:59,52333,Potpican,,HR,1,6055,Felsőlajos,,HU,, 0.00 ,,,Truck 100 m3 NO," 10,917.72 ",kg
240,None,, ,1,0,2022-07-04,15:00 - 16:00,2022-07-05,00:00 - 23:59,52333,Potpican,,HR,1,6055,Felsőlajos,,HU,, 0.00 ,,,Truck 100 m3 NO," 10,754.83 ",kg
241,None,, ,1,1,2022-07-01,13:00 - 14:00,2022-07-05,08:00 - 17:00,52333,Potpican,,HR,1,10042,Nichelino,,IT,, 0.00 ,,,Truck 100 m3 NO," 8,371.00 ",kg
242,None,, ,2,2,2022-07-01,13:00 - 14:00,2022-07-05,08:00 - 16:00,52333,Potpican,,HR,2,73049,RUFFANO,,IT,, 0.00 ,,,Truck 100 m3 NO," 4,708.32 ",kg
243,None,, ,1,0,2022-07-01,06:00 - 07:00,2022-07-04,08:00 - 16:00,52333,Potpican,,HR,1,51223,Kukuljanovo,,HR,, 0.00 ,,,Truck 100 m3 NO," 6,615.58 ",kg
244,None,, ,1,0,2022-07-01,14:00 - 15:00,2022-07-04,08:00 - 16:00,52333,Potpican,,HR,1,10000,Zagreb,,HR,, 0.00 ,,,Truck 100 m3 NO," 6,134.11 ",kg
245,None,, ,1,1,2022-07-01,19:00 - 20:00,2022-07-04,08:00 - 17:00,52333,Potpican,,HR,1,37060,Trevenzuolo,,IT,, 0.00 ,,,Truck 100 m3 NO," 8,843.54 ",kg
246,None,, ,1,0,2022-07-01,17:00 - 18:00,2022-07-04,08:00 - 16:00,52333,Potpican,,HR,1,40013,CASTEL MAGGIORE,,IT,, 0.00 ,,,Truck 100 m3 NO," 6,761.57 ",kg
247,None,, ,1,0,2022-07-01,20:00 - 21:00,2022-07-04,07:00 - 16:00,52333,Potpican,,HR,1,3451,Michelhausen,,AT,, 0.00 ,,,Truck 100 m3 NO," 12,073.90 ",kg
248,None,, ,1,0,2022-07-01,11:00 - 11:30,2022-07-04,08:00 - 17:00,31380,Caparroso,,ES,1,47521,CESENA,,IT,, 0.00 ,,,Megatrailer 95 m3," 7,597.81 ",kg
249,None,, ,2,0,2022-06-30,12:00 - 13:00,2022-07-01,08:00 - 16:00,52333,Potpican,,HR,2,21204,Dugopolje,,HR,, 0.00 ,,,Truck 100 m3 NO," 5,120.64 ",kg
250,None,, ,1,1,2022-06-30,06:00 - 07:00,2022-07-01,08:00 - 16:00,52333,Potpican,,HR,1,45020,GIACCIANO CON BARUCHELLA,,IT,, 0.00 ,,,Truck 100 m3 NO," 5,698.48 ",kg
251,None,, ,1,0,2022-06-30,17:00 - 18:00,2022-07-01,08:00 - 16:00,52333,Potpican,,HR,1,74000,Doboj,,BA,, 0.00 ,,,Truck 100 m3 NO," 6,357.12 ",kg
252,None,, ,1,1,2022-06-29,11:00 - 12:00,2022-07-01,08:00 - 16:00,52333,Potpican,,HR,1,64010,Ancarano,,IT,, 0.00 ,,,Truck 100 m3 NO," 7,707.85 ",kg
253,None,, ,1,1,2022-06-29,18:00 - 19:00,2022-06-30,08:00 - 17:00,52333,Potpican,,HR,1,33010,Venzone,,IT,, 0.00 ,,,Truck 100 m3 NO," 7,668.83 ",kg
254,None,, ,1,0,2022-06-29,12:00 - 13:00,2022-06-30,08:00 - 16:00,52333,Potpican,,HR,1,40013,CASTEL MAGGIORE,,IT,, 0.00 ,,,Truck 100 m3 NO," 6,097.73 ",kg
255,None,, ,1,1,2022-06-29,13:00 - 14:00,2022-06-30,08:00 - 16:00,52333,Potpican,,HR,1,20010,VANZAGO,,IT,, 0.00 ,,,Truck 100 m3 NO," 10,170.91 ",kg
256,None,, ,1,0,2022-06-29,14:00 - 15:00,2022-06-30,07:00 - 16:00,52333,Potpican,,HR,1,3451,Michelhausen,,AT,, 0.00 ,,,Truck 100 m3 NO," 9,230.25 ",kg
257,None,, ,1,0,2022-06-29,15:00 - 16:00,2022-06-30,08:00 - 16:00,52333,Potpican,,HR,1,71000,Sarajevo,,BA,, 0.00 ,,,Truck 100 m3 NO," 6,293.76 ",kg
258,None,, ,2,1,2022-06-28,15:00 - 16:00,2022-06-30,08:00 - 16:00,52333,Potpican,,HR,2,75100,MATERA,,IT,, 0.00 ,,,Truck 100 m3 NO," 4,645.38 ",kg
259,None,, ,1,0,2022-06-28,18:00 - 19:00,2022-06-30,08:00 - 17:00,52333,Potpican,,HR,1,64010,Ancarano,,IT,, 0.00 ,,,Truck 100 m3 NO," 7,707.85 ",kg
260,None,, ,1,0,2022-06-28,13:00 - 14:00,2022-06-29,08:00 - 16:00,52333,Potpican,,HR,1,40013,CASTEL MAGGIORE,,IT,, 0.00 ,,,Truck 100 m3 NO," 5,866.46 ",kg
261,None,, ,1,0,2022-06-28,15:00 - 16:00,2022-06-29,07:00 - 16:00,52333,Potpican,,HR,1,3451,Michelhausen,,AT,, 0.00 ,,,Truck 100 m3 NO," 9,230.25 ",kg
262,None,, ,1,1,2022-06-28,14:00 - 15:00,2022-06-29,08:00 - 17:00,52333,Potpican,,HR,1,24040,Madone,,IT,, 0.00 ,,,Truck 100 m3 NO," 5,852.35 ",kg
263,None,, ,1,0,2022-06-28,16:00 - 17:00,2022-06-29,00:00 - 23:59,52333,Potpican,,HR,1,6055,Felsőlajos,,HU,, 0.00 ,,,Truck 100 m3 NO," 10,917.72 ",kg
264,None,, ,1,1,2022-06-28,17:00 - 18:00,2022-06-29,08:00 - 17:00,52333,Potpican,,HR,1,10042,Nichelino,,IT,, 0.00 ,,,Truck 100 m3 NO," 8,371.00 ",kg
265,None,, ,1,0,2022-06-27,16:00 - 17:00,2022-06-29,08:00 - 16:00,52333,Potpican,,HR,1,05039,STRONCONE,,IT,, 0.00 ,,,Truck 100 m3 NO," 6,761.57 ",kg
266,None,, ,1,1,2022-06-27,13:00 - 14:00,2022-06-29,07:30 - 12:00,52333,Potpican,,HR,1,26817,SAN MARTINO IN STRADA,,IT,, 0.00 ,,,Truck 100 m3 NO," 7,028.74 ",kg
267,None,, ,1,0,2022-06-27,18:00 - 19:00,2022-06-29,08:00 - 17:00,52333,Potpican,,HR,1,64010,Ancarano,,IT,, 0.00 ,,,Truck 100 m3 NO," 7,707.85 ",kg
268,None,, ,1,1,2022-06-27,12:00 - 13:00,2022-06-29,08:00 - 17:00,52333,Potpican,,HR,1,17038,Villanova d'Albenga,,IT,, 0.00 ,,,Truck 100 m3 NO," 6,822.29 ",kg
269,None,, ,1,1,2022-06-27,11:00 - 12:00,2022-06-28,08:00 - 17:00,52333,Potpican,,HR,1,37060,RONCANOVA DI GAZZO VERONESE,,IT,, 0.00 ,,,Truck 100 m3 NO," 5,742.88 ",kg
270,None,, ,1,0,2022-06-27,15:00 - 16:00,2022-06-28,08:00 - 16:00,52333,Potpican,,HR,1,74000,Doboj,,BA,, 0.00 ,,,Truck 100 m3 NO," 6,357.12 ",kg
271,None,, ,1,0,2022-06-27,06:00 - 07:00,2022-06-28,08:00 - 17:00,52333,Potpican,,HR,1,47521,CESENA,,IT,, 0.00 ,,,Truck 100 m3 NO," 7,707.85 ",kg
272,None,, ,1,1,2022-06-27,14:00 - 15:00,2022-06-28,08:00 - 17:00,52333,Potpican,,HR,1,20094,Corsico,,IT,, 0.00 ,,,Truck 100 m3 NO," 10,597.32 ",kg
273,None,, ,1,0,2022-06-27,06:00 - 07:00,2022-06-28,00:00 - 23:59,52333,Potpican,,HR,1,6055,Felsőlajos,,HU,, 0.00 ,,,Truck 100 m3 NO," 10,917.72 ",kg
274,None,, ,1,0,2022-06-27,17:00 - 18:00,2022-06-28,00:00 - 23:59,52333,Potpican,,HR,1,6055,Felsőlajos,,HU,, 0.00 ,,,Truck 100 m3 NO," 10,917.72 ",kg
275,None,, ,1,1,2022-06-24,11:00 - 12:00,2022-06-28,08:00 - 16:00,52333,Potpican,,HR,1,61032,FANO,,IT,, 0.00 ,,,Truck 90 m3," 5,931.84 ",kg
276,None,, ,1,1,2022-06-24,07:00 - 08:00,2022-06-28,08:00 - 16:00,52333,Potpican,,HR,1,12062,CHERASCO,,IT,, 0.00 ,,,Truck 90 m3," 5,586.24 ",kg
277,None,, ,1,1,2022-06-24,18:00 - 19:00,2022-06-28,08:00 - 17:00,52333,Potpican,,HR,1,64010,Ancarano,,IT,, 0.00 ,,,Truck 100 m3 NO," 7,707.85 ",kg
278,None,, ,1,1,2022-06-24,13:00 - 14:00,2022-06-28,06:30 - 07:30,52333,Potpican,,HR,1,00173,ROMA,,IT,, 0.00 ,,,Truck 100 m3 NO," 6,666.04 ",kg
279,None,, ,1,0,2022-06-24,10:00 - 11:00,2022-06-27,08:00 - 16:00,52333,Potpican,,HR,1,40013,CASTEL MAGGIORE,,IT,, 0.00 ,,,Truck 100 m3 NO," 5,836.22 ",kg
280,None,, ,1,0,2022-06-24,16:00 - 17:00,2022-06-27,08:00 - 16:00,52333,Potpican,,HR,1,78000,Banja Luka,,BA,, 0.00 ,,,Truck 100 m3 NO," 7,044.00 ",kg
281,None,, ,1,1,2022-06-24,15:00 - 16:00,2022-06-27,08:00 - 16:00,52333,Potpican,,HR,1,21056,INDUNO OLONA,,IT,, 0.00 ,,,Truck 100 m3 NO," 5,078.40 ",kg
282,None,, ,1,1,2022-06-23,10:00 - 11:00,2022-06-27,08:00 - 17:00,52333,Potpican,,HR,1,64010,Ancarano,,IT,, 0.00 ,,,Truck 100 m3 NO," 7,707.85 ",kg
283,None,, ,1,1,2022-06-23,15:00 - 16:00,2022-06-24,08:00 - 16:00,52333,Potpican,,HR,1,31032,CASALE SUL SILE,,IT,, 0.00 ,,,Truck 90 m3," 9,219.60 ",kg
284,None,, ,1,0,2022-06-23,16:00 - 17:00,2022-06-24,08:00 - 16:00,52333,Potpican,,HR,1,78000,Banja Luka,,BA,, 0.00 ,,,Truck 100 m3 NO," 7,022.40 ",kg
285,None,, ,1,1,2022-06-23,17:00 - 18:00,2022-06-24,08:00 - 16:00,52333,Potpican,,HR,1,24057,MARTINENGO,,IT,, 0.00 ,,,Truck 100 m3 NO," 10,772.52 ",kg
286,None,, ,1,0,2022-06-23,15:00 - 16:00,2022-06-24,08:00 - 16:00,52333,Potpican,,HR,1,22310,Šimanovci,,RS,, 0.00 ,,,Truck 100 m3 NO," 8,258.29 ",kg
287,None,, ,1,0,2022-06-21,09:00 - 10:00,2022-06-23,08:00 - 16:00,52333,Potpican,,HR,1,51223,Kukuljanovo,,HR,, 0.00 ,,,Truck 100 m3 NO," 7,228.32 ",kg
288,None,, ,1,1,2022-06-21,18:00 - 19:00,2022-06-23,08:00 - 17:00,52333,Potpican,,HR,1,10042,Nichelino,,IT,, 0.00 ,,,Truck 100 m3 NO," 6,828.80 ",kg
289,None,, ,1,1,2022-06-21,18:00 - 19:00,2022-06-23,08:00 - 17:00,52333,Potpican,,HR,1,64010,Ancarano,,IT,, 0.00 ,,,Truck 100 m3 NO," 8,843.54 ",kg
290,None,, ,1,1,2022-06-21,20:00 - 21:00,2022-06-23,08:00 - 17:00,52333,Potpican,,HR,1,64010,Ancarano,,IT,, 0.00 ,,,Truck 100 m3 NO," 8,843.54 ",kg
291,None,, ,1,0,2022-06-20,17:00 - 18:00,2022-06-23,08:00 - 16:00,52333,Potpican,,HR,1,06087,BALANZANO,,IT,, 0.00 ,,,Truck 100 m3 NO," 10,772.52 ",kg
292,None,, ,1,0,2022-06-21,15:00 - 16:00,2022-06-22,00:00 - 23:59,52333,Potpican,,HR,1,6055,Felsőlajos,,HU,, 0.00 ,,,Truck 100 m3 NO," 10,917.72 ",kg
293,None,, ,1,0,2022-06-21,13:00 - 14:00,2022-06-22,08:00 - 16:00,52333,Potpican,,HR,1,40013,CASTEL MAGGIORE,,IT,, 0.00 ,,,Truck 100 m3 NO," 9,483.55 ",kg
294,None,, ,1,0,2022-06-20,06:00 - 07:00,2022-06-22,07:00 - 16:00,52333,Potpican,,HR,1,3451,Michelhausen,,AT,, 0.00 ,,,Truck 100 m3 NO," 9,230.25 ",kg
295,None,, ,1,0,2022-06-20,06:00 - 07:00,2022-06-22,07:00 - 16:00,52333,Potpican,,HR,1,3451,Michelhausen,,AT,, 0.00 ,,,Truck 100 m3 NO," 9,230.25 ",kg
296,None,, ,2,0,2022-06-20,10:00 - 11:00,2022-06-21,08:00 - 16:00,52333,Potpican,,HR,2,42000,Varaždin,,HR,, 0.00 ,,,Truck 100 m3 NO," 8,564.37 ",kg
297,None,, ,1,1,2022-06-20,19:00 - 20:00,2022-06-21,08:00 - 17:00,52333,Potpican,,HR,1,45020,GIACCIANO CON BARUCHELLA,,IT,, 0.00 ,,,Truck 100 m3 NO," 5,698.48 ",kg
298,None,, ,1,1,2022-06-20,16:00 - 17:00,2022-06-21,08:00 - 17:00,52333,Potpican,,HR,1,24057,MARTINENGO,,IT,, 0.00 ,,,Truck 100 m3 NO," 10,290.72 ",kg
299,None,, ,1,0,2022-06-20,08:00 - 09:00,2022-06-21,08:00 - 16:00,52333,Potpican,,HR,1,22310,Šimanovci,,RS,, 0.00 ,,,Truck 100 m3 NO," 8,258.29 ",kg
300,None,, ,1,0,2022-06-20,12:00 - 13:00,2022-06-21,00:00 - 23:59,52333,Potpican,,HR,1,6055,Felsőlajos,,HU,, 0.00 ,,,Truck 100 m3 NO," 10,917.72 ",kg
301,None,, ,1,0,2022-06-20,06:00 - 07:00,2022-06-21,00:00 - 23:59,52333,Potpican,,HR,1,6055,Felsőlajos,,HU,, 0.00 ,,,Truck 100 m3 NO," 10,917.72 ",kg
302,None,, ,1,1,2022-06-17,14:00 - 15:00,2022-06-21,08:00 - 17:00,52333,Potpican,,HR,1,64010,Ancarano,,IT,, 0.00 ,,,Truck 100 m3 NO," 7,707.85 ",kg
303,None,, ,1,0,2022-06-17,07:00 - 08:00,2022-06-20,07:00 - 16:00,52333,Potpican,,HR,1,3451,Michelhausen,,AT,, 0.00 ,,,Truck 100 m3 NO," 10,396.19 ",kg
304,None,, ,2,0,2022-06-17,11:00 - 12:00,2022-06-20,08:00 - 16:00,52333,Potpican,,HR,1,71000,Sarajevo,,BA,, 0.00 ,,,Truck 100 m3 NO," 3,925.52 ",kg
305,None,, ,1,0,2022-06-17,09:00 - 10:00,2022-06-20,08:00 - 16:00,52333,Potpican,,HR,1,51223,Kukuljanovo,,HR,, 0.00 ,,,Truck 100 m3 NO," 6,610.56 ",kg
306,None,, ,1,0,2022-06-17,16:00 - 17:00,2022-06-20,08:00 - 16:00,52333,Potpican,,HR,1,10430,Samobor,,HR,, 0.00 ,,,Truck 100 m3 NO," 6,506.15 ",kg
307,None,, ,1,1,2022-06-17,17:00 - 18:00,2022-06-20,08:00 - 16:00,52333,Potpican,,HR,1,36034,MALO,,IT,, 0.00 ,,,Truck 100 m3 NO," 10,028.06 ",kg
308,None,, ,1,1,2022-06-17,11:00 - 12:00,2022-06-20,08:00 - 17:00,52333,Potpican,,HR,1,38121,SPINI DI GARDOLO,,IT,, 0.00 ,,,Truck 100 m3 NO," 5,596.96 ",kg
309,None,, ,1,0,2022-06-17,19:00 - 20:00,2022-06-20,08:00 - 16:00,52333,Potpican,,HR,1,40013,CASTEL MAGGIORE,,IT,, 0.00 ,,,Truck 100 m3 NO," 7,630.50 ",kg
310,None,, ,1,1,2022-06-17,14:00 - 15:00,2022-06-20,08:00 - 17:00,52333,Potpican,,HR,1,24057,MARTINENGO,,IT,, 0.00 ,,,Truck 100 m3 NO," 10,290.72 ",kg
311,None,, ,1,0,2022-06-17,13:00 - 14:00,2022-06-20,08:00 - 16:00,52333,Potpican,,HR,1,11000,Beograd,,RS,, 0.00 ,,,Truck 100 m3 NO," 6,615.58 ",kg
312,None,, ,1,0,2022-06-15,18:00 - 19:00,2022-06-17,08:00 - 16:00,52333,Potpican,,HR,1,22000,Šibenik,,HR,, 0.00 ,,,Truck 120 m3 NO," 9,826.34 ",kg
313,None,, ,1,0,2022-06-15,06:00 - 07:00,2022-06-17,08:00 - 16:00,52333,Potpican,,HR,1,24400,Senta,,RS,, 0.00 ,,,Truck 100 m3 NO," 8,837.82 ",kg
314,None,, ,1,1,2022-06-15,16:00 - 17:00,2022-06-17,08:00 - 16:00,52333,Potpican,,HR,1,67051,AVEZZANO,,IT,, 0.00 ,,,Truck 100 m3 NO," 10,352.16 ",kg
315,None,, ,1,0,2022-06-15,06:00 - 07:00,2022-06-16,08:00 - 17:00,52333,Potpican,,HR,1,50021,Barberino Val d'Elsa,,IT,, 0.00 ,,,Truck 100 m3 NO," 6,927.36 ",kg
316,None,, ,1,0,2022-06-14,17:00 - 18:00,2022-06-16,08:00 - 17:00,52333,Potpican,,HR,1,10042,Nichelino,,IT,, 0.00 ,,,Truck 100 m3 NO," 8,371.00 ",kg
317,None,, ,1,1,2022-06-14,13:00 - 14:00,2022-06-15,08:00 - 17:00,52333,Potpican,,HR,1,38051,Borgo Valsugana,,IT,, 0.00 ,,,Truck 100 m3 NO," 3,216.96 ",kg
318,None,, ,1,1,2022-06-15,13:00 - 14:00,2022-06-15,08:00 - 16:00,52333,Potpican,,HR,1,20060,BASIANO,,IT,, 0.00 ,,,Truck 100 m3 NO," 10,392.10 ",kg
319,None,, ,1,0,2022-06-14,17:00 - 18:00,2022-06-15,07:00 - 16:00,52333,Potpican,,HR,1,3451,Michelhausen,,AT,, 0.00 ,,,Truck 100 m3 NO," 9,230.25 ",kg
320,None,, ,1,0,2022-06-14,17:00 - 18:00,2022-06-15,00:00 - 23:59,52333,Potpican,,HR,1,6055,Felsőlajos,,HU,, 0.00 ,,,Truck 100 m3 NO," 10,754.83 ",kg
321,None,, ,1,1,2022-06-13,14:00 - 14:30,2022-06-15,08:00 - 17:00,31380,Caparroso,,ES,1,37060,Trevenzuolo,,IT,, 0.00 ,,,Megatrailer 95 m3," 8,909.56 ",kg
322,None,, ,1,1,2022-06-13,18:00 - 19:00,2022-06-15,08:00 - 17:00,52333,Potpican,,HR,1,15068,Pozzolo Formigaro,,IT,, 0.00 ,,,Truck 100 m3 NO," 8,843.54 ",kg
323,None,, ,2,2,2022-06-13,18:00 - 19:00,2022-06-14,08:00 - 17:00,52333,Potpican,,HR,2,42040,Campegine,,IT,, 0.00 ,,,Truck 100 m3 NO," 5,431.39 ",kg
324,None,, ,1,0,2022-06-13,13:00 - 14:00,2022-06-14,00:00 - 23:59,52333,Potpican,,HR,1,6055,Felsőlajos,,HU,, 0.00 ,,,Truck 100 m3 NO," 10,754.83 ",kg
325,None,, ,1,1,2022-06-13,06:00 - 07:00,2022-06-14,08:00 - 17:00,52333,Potpican,,HR,1,38065,MORI,,IT,, 0.00 ,,,Truck 100 m3 NO," 11,851.91 ",kg
326,None,, ,1,1,2022-06-10,17:00 - 18:00,2022-06-14,08:00 - 17:00,52333,Potpican,,HR,1,10042,Nichelino,,IT,, 0.00 ,,,Truck 100 m3 NO," 8,371.00 ",kg
327,None,, ,1,1,2022-06-10,13:00 - 14:00,2022-06-14,08:00 - 17:00,52333,Potpican,,HR,1,64010,Ancarano,,IT,, 0.00 ,,,Truck 100 m3 NO," 7,707.85 ",kg
328,None,, ,1,1,2022-06-10,17:00 - 18:00,2022-06-13,08:00 - 17:00,52333,Potpican,,HR,1,33078,SAN VITO AL TAGLIAMENTO,,IT,, 0.00 ,,,Truck 100 m3 NO," 10,290.72 ",kg
329,None,, ,1,0,2022-06-10,11:00 - 12:00,2022-06-13,08:00 - 16:00,52333,Potpican,,HR,1,40013,CASTEL MAGGIORE,,IT,, 0.00 ,,,Truck 100 m3 NO," 5,850.24 ",kg
330,None,, ,2,2,2022-06-10,16:00 - 17:00,2022-06-13,08:00 - 17:00,52333,Potpican,,HR,2,25040,Corteno Golgi,,IT,, 0.00 ,,,Truck 100 m3 NO," 6,198.43 ",kg
331,None,, ,1,0,2022-06-10,13:00 - 14:00,2022-06-13,00:00 - 23:59,52333,Potpican,,HR,1,6055,Felsőlajos,,HU,, 0.00 ,,,Truck 100 m3 NO," 10,754.83 ",kg
332,None,, ,1,1,2022-06-09,12:00 - 13:00,2022-06-13,08:00 - 17:00,52333,Potpican,,HR,1,10042,Nichelino,,IT,, 0.00 ,,,Truck 100 m3 NO," 8,371.00 ",kg
333,None,, ,1,0,2022-06-09,15:00 - 16:00,2022-06-13,08:00 - 17:00,52333,Potpican,,HR,1,17028,Villanova D'Albenga,,IT,, 0.00 ,,,Truck 100 m3 NO," 6,843.94 ",kg
334,None,, ,1,0,2022-06-09,20:00 - 21:00,2022-06-10,00:00 - 23:59,52333,Potpican,,HR,1,6055,Felsőlajos,,HU,, 0.00 ,,,Truck 100 m3 NO," 10,754.83 ",kg
335,None,, ,1,0,2022-06-09,20:00 - 21:00,2022-06-10,08:00 - 16:00,52333,Potpican,,HR,1,33010,Venzone,,IT,, 0.00 ,,,Truck 100 m3 NO," 8,447.58 ",kg
336,None,, ,1,0,2022-06-09,15:00 - 16:00,2022-06-10,08:00 - 16:00,52333,Potpican,,HR,1,41122,MODENA,,IT,, 0.00 ,,,Truck 100 m3 NO," 5,495.42 ",kg
337,None,, ,1,1,2022-06-09,11:00 - 12:00,2022-06-10,08:00 - 16:00,52333,Potpican,,HR,1,23010,BUGLIO IN MONTE,,IT,, 0.00 ,,,Truck 100 m3 NO," 6,764.80 ",kg
338,None,, ,1,0,2022-06-09,16:00 - 17:00,2022-06-10,08:00 - 16:00,52333,Potpican,,HR,1,11300,SMEDEREVO,,RS,, 0.00 ,,,Truck 100 m3 NO," 6,610.56 ",kg
339,None,, ,1,1,2022-06-08,17:00 - 18:00,2022-06-10,08:00 - 16:00,52333,Potpican,,HR,1,10042,Nichelino,,IT,, 0.00 ,,,Truck 100 m3 NO," 6,828.80 ",kg
340,None,, ,1,0,2022-06-08,12:00 - 13:00,2022-06-09,08:00 - 16:00,52333,Potpican,,HR,1,10090,Zagreb,,HR,, 0.00 ,,,Truck 100 m3 NO," 5,687.97 ",kg
341,None,, ,1,1,2022-06-08,18:00 - 19:00,2022-06-09,08:00 - 17:00,52333,Potpican,,HR,1,36030,San Vito di Leguzzano,,IT,, 0.00 ,,,Truck 100 m3 NO," 6,034.94 ",kg
342,None,, ,1,0,2022-06-08,13:00 - 14:00,2022-06-09,08:00 - 16:00,52333,Potpican,,HR,1,40013,CASTEL MAGGIORE,,IT,, 0.00 ,,,Truck 100 m3 NO," 4,920.96 ",kg
343,None,, ,1,0,2022-06-08,09:00 - 10:00,2022-06-09,08:00 - 16:00,52333,Potpican,,HR,1,74000,Doboj,,BA,, 0.00 ,,,Truck 100 m3 NO," 6,357.12 ",kg
344,None,, ,1,0,2022-06-08,16:00 - 17:00,2022-06-09,08:00 - 16:00,52333,Potpican,,HR,1,22310,Šimanovci,,RS,, 0.00 ,,,Truck 100 m3 NO," 8,258.29 ",kg
345,None,, ,1,1,2022-06-08,06:00 - 07:00,2022-06-09,08:00 - 17:00,52333,Potpican,,HR,1,20020,SOLARO,,IT,, 0.00 ,,,Truck 100 m3 NO," 9,327.65 ",kg
346,None,, ,1,0,2022-06-08,08:00 - 09:00,2022-06-09,00:00 - 23:59,52333,Potpican,,HR,1,6055,Felsőlajos,,HU,, 0.00 ,,,Truck 100 m3 NO," 10,754.83 ",kg
347,None,, ,1,0,2022-06-08,11:00 - 12:00,2022-06-09,00:00 - 23:59,52333,Potpican,,HR,1,6055,Felsőlajos,,HU,, 0.00 ,,,Truck 100 m3 NO," 10,754.83 ",kg
348,None,, ,1,1,2022-06-07,11:00 - 12:00,2022-06-09,08:00 - 16:00,52333,Potpican,,HR,1,28078,ROMAGNANO SESIA,,IT,, 0.00 ,,,Truck 100 m3 NO," 6,664.80 ",kg
349,None,, ,1,1,2022-06-07,13:00 - 14:00,2022-06-09,08:00 - 17:00,52333,Potpican,,HR,1,10042,Nichelino,,IT,, 0.00 ,,,Truck 100 m3 NO," 8,371.00 ",kg
350,None,, ,1,0,2022-06-07,06:00 - 07:00,2022-06-08,08:00 - 16:00,52333,Potpican,,HR,1,51223,Kukuljanovo,,HR,, 0.00 ,,,Truck 100 m3 NO," 7,248.84 ",kg
351,None,, ,1,0,2022-06-07,18:00 - 19:00,2022-06-08,08:00 - 16:00,52333,Potpican,,HR,1,10437,Bestovje,,HR,, 0.00 ,,,Truck 100 m3 NO," 6,610.56 ",kg
352,None,, ,1,1,2022-06-07,12:00 - 13:00,2022-06-08,08:00 - 17:00,52333,Potpican,,HR,1,33090,TRAVESIO,,IT,, 0.00 ,,,Truck 100 m3 NO," 8,371.44 ",kg
353,None,, ,1,1,2022-06-07,14:00 - 15:00,2022-06-08,08:00 - 17:00,52333,Potpican,,HR,1,33010,Venzone,,IT,, 0.00 ,,,Truck 100 m3 NO," 8,447.58 ",kg
354,None,, ,1,0,2022-06-07,16:00 - 17:00,2022-06-08,08:00 - 16:00,52333,Potpican,,HR,1,40013,CASTEL MAGGIORE,,IT,, 0.00 ,,,Truck 100 m3 NO," 7,487.04 ",kg
355,None,, ,1,0,2022-06-07,11:00 - 12:00,2022-06-08,07:00 - 16:00,52333,Potpican,,HR,1,3451,Michelhausen,,AT,, 0.00 ,,,Truck 100 m3 NO," 9,230.25 ",kg
356,None,, ,1,0,2022-06-07,14:00 - 15:00,2022-06-08,07:00 - 16:00,52333,Potpican,,HR,1,3451,Michelhausen,,AT,, 0.00 ,,,Truck 100 m3 NO," 10,396.19 ",kg
357,None,, ,1,0,2022-06-07,13:00 - 14:00,2022-06-08,08:00 - 16:00,52333,Potpican,,HR,1,71210,Ilidža,,BA,, 0.00 ,,,Truck 100 m3 NO," 7,022.40 ",kg
358,None,, ,1,0,2022-06-07,13:00 - 14:00,2022-06-08,08:00 - 16:00,52333,Potpican,,HR,1,11210,Beograd,,RS,, 0.00 ,,,Truck 100 m3 NO," 6,615.58 ",kg
359,None,, ,1,0,2022-06-07,13:00 - 14:00,2022-06-08,08:00 - 16:00,52333,Potpican,,HR,1,75300,Lukavac,,BA,, 0.00 ,,,Truck 100 m3 NO," 6,936.00 ",kg
360,None,, ,1,0,2022-06-07,12:00 - 13:00,2022-06-08,00:00 - 23:59,52333,Potpican,,HR,1,6055,Felsőlajos,,HU,, 0.00 ,,,Truck 100 m3 NO," 10,754.83 ",kg
361,None,, ,1,1,2022-06-06,10:00 - 11:00,2022-06-08,08:00 - 17:00,52333,Potpican,,HR,1,15068,Pozzolo Formigaro,,IT,, 0.00 ,,,Truck 100 m3 NO," 7,707.85 ",kg
362,None,, ,1,0,2022-06-06,17:00 - 18:00,2022-06-08,08:00 - 17:00,52333,Potpican,,HR,1,10042,Nichelino,,IT,, 0.00 ,,,Truck 100 m3 NO," 8,371.00 ",kg
363,None,, ,1,0,2022-06-06,18:00 - 19:00,2022-06-07,08:00 - 16:00,52333,Potpican,,HR,1,8296,Krmelj,,SI,, 0.00 ,,,Truck 100 m3 NO," 11,421.28 ",kg
364,None,, ,1,1,2022-06-06,19:00 - 20:00,2022-06-07,08:00 - 17:00,52333,Potpican,,HR,1,33010,Venzone,,IT,, 0.00 ,,,Truck 100 m3 NO," 8,447.58 ",kg
365,None,, ,2,0,2022-06-06,17:00 - 18:00,2022-06-07,08:00 - 16:00,52333,Potpican,,HR,2,10370,Dugo Selo,,HR,, 0.00 ,,,Truck 100 m3 NO," 6,463.28 ",kg
366,None,, ,1,0,2022-06-06,15:00 - 16:00,2022-06-07,08:00 - 16:00,52333,Potpican,,HR,1,78000,Banja Luka,,BA,, 0.00 ,,,Truck 100 m3 NO," 5,850.24 ",kg
367,None,, ,1,0,2022-06-06,14:00 - 15:00,2022-06-07,08:00 - 16:00,52333,Potpican,,HR,1,40013,CASTEL MAGGIORE,,IT,, 0.00 ,,,Truck 100 m3 NO," 6,709.38 ",kg
368,None,, ,1,1,2022-06-06,12:00 - 13:00,2022-06-07,08:00 - 17:00,52333,Potpican,,HR,1,25012,Calvisano,,IT,, 0.00 ,,,Truck 100 m3 NO," 9,327.65 ",kg
369,None,, ,1,1,2022-06-06,16:00 - 17:00,2022-06-07,08:00 - 16:00,52333,Potpican,,HR,1,48022,VILLA S.MARTINO LUGO,,IT,, 0.00 ,,,Truck 100 m3 NO," 6,134.11 ",kg
370,None,, ,1,0,2022-06-06,06:00 - 07:00,2022-06-07,00:00 - 23:59,52333,Potpican,,HR,1,6055,Felsőlajos,,HU,, 0.00 ,,,Truck 100 m3 NO," 10,754.83 ",kg
371,None,, ,1,1,2022-06-03,06:00 - 07:00,2022-06-07,08:00 - 16:00,52333,Potpican,,HR,1,61110,PESARO,,IT,, 0.00 ,,,Truck 100 m3 NO," 7,927.97 ",kg
372,None,, ,1,0,2022-06-03,18:00 - 19:00,2022-06-07,08:00 - 17:00,52333,Potpican,,HR,1,10042,Nichelino,,IT,, 0.00 ,,,Truck 100 m3 NO," 8,371.00 ",kg
373,None,, ,1,0,2022-06-03,11:00 - 12:00,2022-06-07,08:00 - 17:00,52333,Potpican,,HR,1,82026,MORCONE,,IT,, 0.00 ,,,Truck 100 m3 NO," 7,235.70 ",kg
374,None,, ,1,0,2022-06-03,08:00 - 09:00,2022-06-06,08:00 - 17:00,52333,Potpican,,HR,1,37060,Trevenzuolo,,IT,, 0.00 ,,,Truck 100 m3 NO," 8,843.54 ",kg
375,None,, ,1,1,2022-06-03,08:00 - 09:00,2022-06-06,08:00 - 17:00,52333,Potpican,,HR,1,33010,Venzone,,IT,, 0.00 ,,,Truck 100 m3 NO," 8,447.58 ",kg
376,None,, ,1,0,2022-06-03,07:00 - 08:00,2022-06-06,08:00 - 16:00,52333,Potpican,,HR,1,40013,CASTEL MAGGIORE,,IT,, 0.00 ,,,Truck 100 m3 NO," 10,619.04 ",kg
377,None,, ,1,1,2022-06-03,18:00 - 19:00,2022-06-06,08:00 - 16:00,52333,Potpican,,HR,1,25080,PREVALLE,,IT,, 0.00 ,,,Truck 100 m3 NO," 6,220.73 ",kg
378,None,, ,1,0,2022-06-03,07:00 - 08:00,2022-06-06,08:00 - 17:00,52333,Potpican,,HR,1,47521,CESENA,,IT,, 0.00 ,,,Truck 100 m3 NO," 7,707.85 ",kg
379,None,, ,1,0,2022-06-02,06:00 - 07:00,2022-06-06,08:00 - 17:00,52333,Potpican,,HR,1,10042,Nichelino,,IT,, 0.00 ,,,Truck 100 m3 NO," 8,371.00 ",kg
380,None,, ,1,0,2022-06-02,16:00 - 17:00,2022-06-03,08:00 - 16:00,52333,Potpican,,HR,1,10020,Zagreb,,HR,, 0.00 ,,,Truck 100 m3 NO," 7,188.24 ",kg
381,None,, ,2,0,2022-06-02,14:00 - 15:00,2022-06-03,08:00 - 16:00,52333,Potpican,,HR,2,42240,Ivanec,,HR,, 0.00 ,,,Truck 100 m3 NO," 6,352.03 ",kg
382,None,, ,1,0,2022-06-01,07:00 - 08:00,2022-06-02,08:00 - 16:00,52333,Potpican,,HR,1,10000,Zagreb,,HR,, 0.00 ,,,Truck 100 m3 NO," 6,888.48 ",kg
383,None,, ,1,0,2022-06-01,11:00 - 12:00,2022-06-02,07:00 - 16:00,52333,Potpican,,HR,1,3451,Michelhausen,,AT,, 0.00 ,,,Truck 100 m3 NO," 10,396.19 ",kg
384,None,, ,1,1,2022-05-31,18:00 - 19:00,2022-06-01,08:00 - 17:00,52333,Potpican,,HR,1,32035,Santa Giustina,,IT,, 0.00 ,,,Truck 100 m3 NO," 10,859.39 ",kg
385,None,, ,1,1,2022-05-31,11:00 - 12:00,2022-06-01,08:00 - 16:00,52333,Potpican,,HR,1,25015,DESENZANO D/G,,IT,, 0.00 ,,,Truck 100 m3 NO," 9,327.65 ",kg
386,None,, ,1,0,2022-08-29,00:00 - 00:00,2022-08-30,00:00 - 00:00,3273,HALMAJUGRA,,HU,1,34000,Pozega,,HR,, 0.00 ,,,HU 24T one-way max 2 stops (5000)," 20,785.80 ",kg
387,None,, ,1,0,2022-08-26,00:00 - 00:00,2022-08-28,00:00 - 00:00,3273,HALMAJUGRA,,HU,1,31216,Antunovac,,HR,, 0.00 ,,,HU 24T one-way max 2 stops (5000)," 20,197.80 ",kg
388,None,, ,1,0,2022-08-25,00:00 - 00:00,2022-08-25,00:00 - 00:00,3273,HALMAJUGRA,,HU,1,31216,Antunovac,,HR,, 0.00 ,,,HU 24T one-way max 2 stops (5000)," 22,157.80 ",kg
389,None,, ,2,0,2022-08-24,00:00 - 00:00,2022-08-26,00:00 - 00:00,3273,HALMAJUGRA,,HU,2,32270,Zupanja,,HR,, 0.00 ,,,HU 24T one-way max 2 stops (5000)," 19,628.00 ",kg
390,None,, ,1,0,2022-08-09,00:00 - 00:00,2022-08-10,00:00 - 00:00,3273,HALMAJUGRA,,HU,1,34000,Požega,,HR,, 0.00 ,,,HU 24T one-way max 2 stops (5000)," 20,785.80 ",kg
391,None,, ,1,0,2022-08-03,00:00 - 00:00,2022-08-04,00:00 - 00:00,3273,HALMAJUGRA,,HU,1,34000,Pozega,,HR,, 0.00 ,,,HU 24T one-way max 2 stops (5000)," 20,785.80 ",kg